"race","circuit","season","date","driver_name","driver","number","car","position","starting_grid","laps","points","time_total","time_from_leader","time_from_previous","fastest_lap","average_speed","qualify_time","qualify_lap","stop_total","stop_lap_1","stop_lap_2","stop_lap_3","stop_lap_4","stop_lap_5","stop_lap_6","stop_time_1","stop_time_2","stop_time_3","stop_time_4","stop_time_5","stop_time_6"
"Brazil","Autódromo José Carlos Pace, Brazil",1994,"27 Mar 1994","Michael","Schumacher",5,"Benetton Ford","1",2,71,10,"1:35:38.759",NA,NA,"1:18.455",NA,"1:16.290",20,NA,NA,NA,NA,NA,NA,NA,NA,NA,NA,NA,NA,NA
"Brazil","Autódromo José Carlos Pace, Brazil",1994,"27 Mar 1994","Damon","Hill",0,"Williams Renault","2",4,70,6,"1","1","1","1:20.386",NA,"1:17.554",23,NA,NA,NA,NA,NA,NA,NA,NA,NA,NA,NA,NA,NA
"Brazil","Autódromo José Carlos Pace, Brazil",1994,"27 Mar 1994","Jean","Alesi",27,"Ferrari","3",3,70,4,"1","1","1","1:20.452",NA,"1:17.385",14,NA,NA,NA,NA,NA,NA,NA,NA,NA,NA,NA,NA,NA
"Brazil","Autódromo José Carlos Pace, Brazil",1994,"27 Mar 1994","Rubens","Barrichello",14,"Jordan Hart","4",14,70,3,"1","1","1","1:20.809",NA,"1:18.414",18,NA,NA,NA,NA,NA,NA,NA,NA,NA,NA,NA,NA,NA
"Brazil","Autódromo José Carlos Pace, Brazil",1994,"27 Mar 1994","Ukyo","Katayama",3,"Tyrrell Yamaha","5",10,69,2,"2","2","2","1:20.842",NA,"1:18.194",22,NA,NA,NA,NA,NA,NA,NA,NA,NA,NA,NA,NA,NA
"Brazil","Autódromo José Carlos Pace, Brazil",1994,"27 Mar 1994","Karl","Wendlinger",29,"Sauber Mercedes","6",7,69,1,"2","2","2","1:20.987",NA,"1:17.927",24,NA,NA,NA,NA,NA,NA,NA,NA,NA,NA,NA,NA,NA
"Brazil","Autódromo José Carlos Pace, Brazil",1994,"27 Mar 1994","Johnny","Herbert",12,"Lotus Mugen Honda","7",21,69,0,"2","2","2","1:22.007",NA,"1:19.483",23,NA,NA,NA,NA,NA,NA,NA,NA,NA,NA,NA,NA,NA
"Brazil","Autódromo José Carlos Pace, Brazil",1994,"27 Mar 1994","Pierluigi","Martini",23,"Minardi Ford","8",15,69,0,"2","2","2","1:21.872",NA,"1:18.659",22,NA,NA,NA,NA,NA,NA,NA,NA,NA,NA,NA,NA,NA
"Brazil","Autódromo José Carlos Pace, Brazil",1994,"27 Mar 1994","Erik","Comas",20,"Larrousse Ford","9",13,68,0,"3","3","3","1:21.756",NA,"1:18.321",18,NA,NA,NA,NA,NA,NA,NA,NA,NA,NA,NA,NA,NA
"Brazil","Autódromo José Carlos Pace, Brazil",1994,"27 Mar 1994","Pedro","Lamy",11,"Lotus Mugen Honda","10",24,68,0,"3","3","3","1:23.234",NA,"1:19.975",21,NA,NA,NA,NA,NA,NA,NA,NA,NA,NA,NA,NA,NA
"Brazil","Autódromo José Carlos Pace, Brazil",1994,"27 Mar 1994","Olivier","Panis",26,"Ligier Renault","11",19,68,0,"3","3","3","1:22.744",NA,"1:19.304",21,NA,NA,NA,NA,NA,NA,NA,NA,NA,NA,NA,NA,NA
"Brazil","Autódromo José Carlos Pace, Brazil",1994,"27 Mar 1994","David","Brabham",31,"Simtek Ford","12",26,67,0,"4","4","4","1:23.911",NA,"1:21.186",15,NA,NA,NA,NA,NA,NA,NA,NA,NA,NA,NA,NA,NA
"Brazil","Autódromo José Carlos Pace, Brazil",1994,"27 Mar 1994","Ayrton","Senna",2,"Williams Renault","13",1,55,0,NA,NA,NA,"1:18.764",NA,"1:15.962",22,NA,NA,NA,NA,NA,NA,NA,NA,NA,NA,NA,NA,NA
"Brazil","Autódromo José Carlos Pace, Brazil",1994,"27 Mar 1994","Martin","Brundle",8,"McLaren Peugeot","NC",18,34,0,NA,NA,NA,"1:20.717",NA,"1:18.864",14,NA,NA,NA,NA,NA,NA,NA,NA,NA,NA,NA,NA,NA
"Brazil","Autódromo José Carlos Pace, Brazil",1994,"27 Mar 1994","Eddie","Irvine",15,"Jordan Hart","NC",16,34,0,NA,NA,NA,"1:21.696",NA,"1:18.751",24,NA,NA,NA,NA,NA,NA,NA,NA,NA,NA,NA,NA,NA
"Brazil","Autódromo José Carlos Pace, Brazil",1994,"27 Mar 1994","Jos","Verstappen",6,"Benetton Ford","NC",9,34,0,NA,NA,NA,"1:20.896",NA,"1:18.183",19,NA,NA,NA,NA,NA,NA,NA,NA,NA,NA,NA,NA,NA
"Brazil","Autódromo José Carlos Pace, Brazil",1994,"27 Mar 1994","Eric","Bernard",25,"Ligier Renault","NC",20,33,0,NA,NA,NA,"1:23.459",NA,"1:19.396",18,NA,NA,NA,NA,NA,NA,NA,NA,NA,NA,NA,NA,NA
"Brazil","Autódromo José Carlos Pace, Brazil",1994,"27 Mar 1994","Mark","Blundell",4,"Tyrrell Yamaha","NC",12,21,0,NA,NA,NA,"1:21.039",NA,"1:18.246",19,NA,NA,NA,NA,NA,NA,NA,NA,NA,NA,NA,NA,NA
"Brazil","Autódromo José Carlos Pace, Brazil",1994,"27 Mar 1994","Christian","Fittipaldi",9,"Footwork Ford","NC",11,21,0,NA,NA,NA,"1:21.582",NA,"1:18.204",20,NA,NA,NA,NA,NA,NA,NA,NA,NA,NA,NA,NA,NA
"Brazil","Autódromo José Carlos Pace, Brazil",1994,"27 Mar 1994","Heinz-Harald","Frentzen",30,"Sauber Mercedes","NC",5,15,0,NA,NA,NA,"1:20.907",NA,"1:17.806",24,NA,NA,NA,NA,NA,NA,NA,NA,NA,NA,NA,NA,NA
"Brazil","Autódromo José Carlos Pace, Brazil",1994,"27 Mar 1994","Mika","Hakkinen",7,"McLaren Peugeot","NC",8,13,0,NA,NA,NA,"1:20.989",NA,"1:18.122",17,NA,NA,NA,NA,NA,NA,NA,NA,NA,NA,NA,NA,NA
"Brazil","Autódromo José Carlos Pace, Brazil",1994,"27 Mar 1994","Michele","Alboreto",24,"Minardi Ford","NC",22,7,0,NA,NA,NA,"1:22.488",NA,"1:19.517",24,NA,NA,NA,NA,NA,NA,NA,NA,NA,NA,NA,NA,NA
"Brazil","Autódromo José Carlos Pace, Brazil",1994,"27 Mar 1994","Gianni","Morbidelli",10,"Footwork Ford","NC",6,5,0,NA,NA,NA,"1:21.570",NA,"1:17.866",20,NA,NA,NA,NA,NA,NA,NA,NA,NA,NA,NA,NA,NA
"Brazil","Autódromo José Carlos Pace, Brazil",1994,"27 Mar 1994","Gerhard","Berger",28,"Ferrari","NC",17,5,0,NA,NA,NA,"1:22.021",NA,"1:18.855",9,NA,NA,NA,NA,NA,NA,NA,NA,NA,NA,NA,NA,NA
"Brazil","Autódromo José Carlos Pace, Brazil",1994,"27 Mar 1994","Olivier","Beretta",19,"Larrousse Ford","NC",23,2,0,NA,NA,NA,"1:38.618",NA,"1:19.524",16,NA,NA,NA,NA,NA,NA,NA,NA,NA,NA,NA,NA,NA
"Brazil","Autódromo José Carlos Pace, Brazil",1994,"27 Mar 1994","Bertrand","Gachot",34,"Pacific Ilmor","NC",25,1,0,NA,NA,NA,"1:39.561",NA,"1:20.729",18,NA,NA,NA,NA,NA,NA,NA,NA,NA,NA,NA,NA,NA
"Pacific","TI Circuit Aida, Japan",1994,"17 Apr 1994","Michael","Schumacher",5,"Benetton Ford","1",2,83,10,"1:46:01.693",NA,NA,"1:14.023",NA,"1:10.440",18,2,23,51,NA,NA,NA,NA,"23.342","24.181",NA,NA,NA,NA
"Pacific","TI Circuit Aida, Japan",1994,"17 Apr 1994","Gerhard","Berger",28,"Ferrari","2",5,83,6,"1:47:16.993","75.300","1.25499999920527","1:15.931",NA,"1:11.744",19,2,27,57,NA,NA,NA,NA,"24.334","23.066",NA,NA,NA,NA
"Pacific","TI Circuit Aida, Japan",1994,"17 Apr 1994","Rubens","Barrichello",14,"Jordan Hart","3",8,82,4,"1","1","1","1:16.061",NA,"1:12.409",12,2,31,63,NA,NA,NA,NA,"26.15","33.985",NA,NA,NA,NA
"Pacific","TI Circuit Aida, Japan",1994,"17 Apr 1994","Christian","Fittipaldi",9,"Footwork Ford","4",9,82,3,"1","1","1",NA,NA,"1:12.444",22,2,23,46,NA,NA,NA,NA,"56.753","25.039",NA,NA,NA,NA
"Pacific","TI Circuit Aida, Japan",1994,"17 Apr 1994","Heinz-Harald","Frentzen",30,"Sauber Mercedes","5",11,82,2,"1","1","1","1:16.239",NA,"1:12.686",16,2,24,56,NA,NA,NA,NA,"26.081","26.863",NA,NA,NA,NA
"Pacific","TI Circuit Aida, Japan",1994,"17 Apr 1994","Erik","Comas",20,"Larrousse Ford","6",16,80,1,"3","3","3","1:16.120",NA,"1:13.111",20,2,1,39,NA,NA,NA,NA,"49.111","23.841",NA,NA,NA,NA
"Pacific","TI Circuit Aida, Japan",1994,"17 Apr 1994","Johnny","Herbert",12,"Lotus Mugen Honda","7",23,80,0,"3","3","3","1:17.775",NA,"1:14.424",20,2,27,55,NA,NA,NA,NA,"25.154","47.273",NA,NA,NA,NA
"Pacific","TI Circuit Aida, Japan",1994,"17 Apr 1994","Pedro","Lamy",11,"Lotus Mugen Honda","8",24,79,0,"4","4","4","1:18.527",NA,"1:14.657",20,2,30,58,NA,NA,NA,NA,"27.335","25.566",NA,NA,NA,NA
"Pacific","TI Circuit Aida, Japan",1994,"17 Apr 1994","Olivier","Panis",26,"Ligier Renault","9",22,78,0,"5","5","5","1:16.795",NA,"1:14.106",16,3,18,39,59,NA,NA,NA,"53.89","24.235","25.894",NA,NA,NA
"Pacific","TI Circuit Aida, Japan",1994,"17 Apr 1994","Eric","Bernard",25,"Ligier Renault","10",18,78,0,"5","5","5","1:17.390",NA,"1:13.613",15,1,24,NA,NA,NA,NA,NA,"24.9",NA,NA,NA,NA,NA
"Pacific","TI Circuit Aida, Japan",1994,"17 Apr 1994","Roland","Ratzenberger",32,"Simtek Ford","11",26,78,0,"5","5","5","1:19.248",NA,"1:16.356",18,2,27,54,NA,NA,NA,NA,"29.481","29.39",NA,NA,NA,NA
"Pacific","TI Circuit Aida, Japan",1994,"17 Apr 1994","Gianni","Morbidelli",10,"Footwork Ford","NC",13,69,0,NA,NA,NA,"1:16.304",NA,"1:12.866",21,2,28,53,NA,NA,NA,NA,"27.201","26.23",NA,NA,NA,NA
"Pacific","TI Circuit Aida, Japan",1994,"17 Apr 1994","Karl","Wendlinger",29,"Sauber Mercedes","NC",19,69,0,NA,NA,NA,"1:16.651",NA,"1:13.855",21,2,19,48,NA,NA,NA,NA,"24.806","26.491",NA,NA,NA,NA
"Pacific","TI Circuit Aida, Japan",1994,"17 Apr 1994","Michele","Alboreto",24,"Minardi Ford","NC",15,69,0,NA,NA,NA,"1:15.994",NA,"1:13.016",20,3,19,42,63,NA,NA,NA,"27.693","22.694","24.276",NA,NA,NA
"Pacific","TI Circuit Aida, Japan",1994,"17 Apr 1994","Martin","Brundle",8,"McLaren Peugeot","NC",6,67,0,NA,NA,NA,"1:14.684",NA,"1:12.351",22,2,27,53,NA,NA,NA,NA,"30.57","24.524",NA,NA,NA,NA
"Pacific","TI Circuit Aida, Japan",1994,"17 Apr 1994","Pierluigi","Martini",23,"Minardi Ford","NC",17,63,0,NA,NA,NA,"1:16.639",NA,"1:13.529",18,2,22,51,NA,NA,NA,NA,"34.437","26.896",NA,NA,NA,NA
"Pacific","TI Circuit Aida, Japan",1994,"17 Apr 1994","Jos","Verstappen",6,"Benetton Ford","NC",10,54,0,NA,NA,NA,"1:15.257",NA,"1:12.554",22,2,24,54,NA,NA,NA,NA,"24.689","23.846",NA,NA,NA,NA
"Pacific","TI Circuit Aida, Japan",1994,"17 Apr 1994","Damon","Hill",0,"Williams Renault","NC",3,49,0,NA,NA,NA,"1:14.348",NA,"1:10.771",15,2,18,42,NA,NA,NA,NA,"21.992","21.411",NA,NA,NA,NA
"Pacific","TI Circuit Aida, Japan",1994,"17 Apr 1994","Aguri","Suzuki",15,"Jordan Hart","NC",20,44,0,NA,NA,NA,"1:17.015",NA,"1:13.932",21,1,26,NA,NA,NA,NA,NA,"27.417",NA,NA,NA,NA,NA
"Pacific","TI Circuit Aida, Japan",1994,"17 Apr 1994","Ukyo","Katayama",3,"Tyrrell Yamaha","NC",14,42,0,NA,NA,NA,"1:16.482",NA,"1:13.013",22,2,17,38,NA,NA,NA,NA,"28.482","27.961",NA,NA,NA,NA
"Pacific","TI Circuit Aida, Japan",1994,"17 Apr 1994","Mika","Hakkinen",7,"McLaren Peugeot","NC",4,19,0,NA,NA,NA,"1:14.697",NA,"1:11.683",18,1,18,NA,NA,NA,NA,NA,"43.745",NA,NA,NA,NA,NA
"Pacific","TI Circuit Aida, Japan",1994,"17 Apr 1994","Olivier","Beretta",19,"Larrousse Ford","NC",21,14,0,NA,NA,NA,"1:17.880",NA,"1:14.101",20,NA,NA,NA,NA,NA,NA,NA,NA,NA,NA,NA,NA,NA
"Pacific","TI Circuit Aida, Japan",1994,"17 Apr 1994","David","Brabham",31,"Simtek Ford","NC",25,2,0,NA,NA,NA,"1:19.401",NA,"1:14.748",22,NA,NA,NA,NA,NA,NA,NA,NA,NA,NA,NA,NA,NA
"Pacific","TI Circuit Aida, Japan",1994,"17 Apr 1994","Ayrton","Senna",2,"Williams Renault","NC",1,0,0,NA,NA,NA,NA,NA,"1:10.218",15,NA,NA,NA,NA,NA,NA,NA,NA,NA,NA,NA,NA,NA
"Pacific","TI Circuit Aida, Japan",1994,"17 Apr 1994","Mark","Blundell",4,"Tyrrell Yamaha","NC",12,0,0,NA,NA,NA,NA,NA,"1:12.751",21,NA,NA,NA,NA,NA,NA,NA,NA,NA,NA,NA,NA,NA
"Pacific","TI Circuit Aida, Japan",1994,"17 Apr 1994","Nicola","Larini",27,"Ferrari","NC",7,0,0,NA,NA,NA,NA,NA,"1:12.372",12,NA,NA,NA,NA,NA,NA,NA,NA,NA,NA,NA,NA,NA
"San Marino","Autodromo Enzo e Dino Ferrari, San Marino",1994,"01 May 1994","Michael","Schumacher",5,"Benetton Ford","1",2,58,10,"1:28:28.642",NA,NA,"1:24.438",NA,"1:21.885",10,3,8,26,40,NA,NA,NA,"22.226","20.358","15.946",NA,NA,NA
"San Marino","Autodromo Enzo e Dino Ferrari, San Marino",1994,"01 May 1994","Nicola","Larini",27,"Ferrari","2",6,58,6,"1:29:23.583","54.942","54.9409999847412","1:25.825",NA,"1:22.841",16,1,25,NA,NA,NA,NA,NA,"23.539",NA,NA,NA,NA,NA
"San Marino","Autodromo Enzo e Dino Ferrari, San Marino",1994,"01 May 1994","Mika","Hakkinen",7,"McLaren Peugeot","3",8,58,4,"1:29:39.320","70.679","15.7369999885559","1:25.737",NA,"1:23.140",22,2,15,33,NA,NA,NA,NA,"21.705","20.763",NA,NA,NA,NA
"San Marino","Autodromo Enzo e Dino Ferrari, San Marino",1994,"01 May 1994","Karl","Wendlinger",29,"Sauber Mercedes","4",10,58,3,"1:29:42.299","73.658","2.97900009155273","1:25.727",NA,"1:23.347",14,1,32,NA,NA,NA,NA,NA,"22.260",NA,NA,NA,NA,NA
"San Marino","Autodromo Enzo e Dino Ferrari, San Marino",1994,"01 May 1994","Ukyo","Katayama",3,"Tyrrell Yamaha","5",9,57,2,"1","1","1","1:26.176",NA,"1:23.322",22,2,16,37,NA,NA,NA,NA,"22.256","22.107",NA,NA,NA,NA
"San Marino","Autodromo Enzo e Dino Ferrari, San Marino",1994,"01 May 1994","Damon","Hill",0,"Williams Renault","6",4,57,1,"1","1","1","1:24.335",NA,"1:22.168",14,1,33,NA,NA,NA,NA,NA,"21.532",NA,NA,NA,NA,NA
"San Marino","Autodromo Enzo e Dino Ferrari, San Marino",1994,"01 May 1994","Heinz-Harald","Frentzen",30,"Sauber Mercedes","7",7,57,0,"1","1","1","1:25.307",NA,"1:23.119",10,3,19,25,39,NA,NA,NA,"24.356","37.857","20.493",NA,NA,NA
"San Marino","Autodromo Enzo e Dino Ferrari, San Marino",1994,"01 May 1994","Martin","Brundle",8,"McLaren Peugeot","8",13,57,0,"1","1","1","1:25.774",NA,"1:23.858",15,1,35,NA,NA,NA,NA,NA,"37.899",NA,NA,NA,NA,NA
"San Marino","Autodromo Enzo e Dino Ferrari, San Marino",1994,"01 May 1994","Mark","Blundell",4,"Tyrrell Yamaha","9",12,56,0,"2","2","2","1:26.259",NA,"1:23.703",21,1,15,NA,NA,NA,NA,NA,"23.713",NA,NA,NA,NA,NA
"San Marino","Autodromo Enzo e Dino Ferrari, San Marino",1994,"01 May 1994","Johnny","Herbert",12,"Lotus Mugen Honda","10",20,56,0,"2","2","2","1:28.032",NA,"1:25.114",23,2,11,32,NA,NA,NA,NA,"21.721","20.800",NA,NA,NA,NA
"San Marino","Autodromo Enzo e Dino Ferrari, San Marino",1994,"01 May 1994","Olivier","Panis",26,"Ligier Renault","11",19,56,0,"2","2","2","1:27.908",NA,"1:24.996",16,2,17,27,NA,NA,NA,NA,"21.326","23.308",NA,NA,NA,NA
"San Marino","Autodromo Enzo e Dino Ferrari, San Marino",1994,"01 May 1994","Eric","Bernard",25,"Ligier Renault","12",17,55,0,"3","3","3","1:28.091",NA,"1:24.678",15,3,15,33,38,NA,NA,NA,"55.371","23.291","1:09.764",NA,NA,NA
"San Marino","Autodromo Enzo e Dino Ferrari, San Marino",1994,"01 May 1994","Christian","Fittipaldi",9,"Footwork Ford","13",16,54,0,NA,NA,NA,NA,NA,"1:24.472",22,2,18,38,NA,NA,NA,NA,"21.193","22.823",NA,NA,NA,NA
"San Marino","Autodromo Enzo e Dino Ferrari, San Marino",1994,"01 May 1994","Andrea","deCesaris",15,"Jordan Hart","NC",21,49,0,NA,NA,NA,"1:27.627",NA,"1:25.234",20,2,10,31,NA,NA,NA,NA,"25.751","22.262",NA,NA,NA,NA
"San Marino","Autodromo Enzo e Dino Ferrari, San Marino",1994,"01 May 1994","Michele","Alboreto",24,"Minardi Ford","NC",15,44,0,NA,NA,NA,"1:27.995",NA,"1:24.276",23,2,22,41,NA,NA,NA,NA,"24.607","23.740",NA,NA,NA,NA
"San Marino","Autodromo Enzo e Dino Ferrari, San Marino",1994,"01 May 1994","Gianni","Morbidelli",10,"Footwork Ford","NC",11,40,0,NA,NA,NA,NA,NA,"1:23.663",20,2,16,36,NA,NA,NA,NA,"25.398","23.392",NA,NA,NA,NA
"San Marino","Autodromo Enzo e Dino Ferrari, San Marino",1994,"01 May 1994","Pierluigi","Martini",23,"Minardi Ford","NC",14,37,0,NA,NA,NA,"1:27.221",NA,"1:24.078",22,2,18,28,NA,NA,NA,NA,"23.669","50.388",NA,NA,NA,NA
"San Marino","Autodromo Enzo e Dino Ferrari, San Marino",1994,"01 May 1994","David","Brabham",31,"Simtek Ford","NC",24,27,0,NA,NA,NA,"1:28.613",NA,"1:26.817",10,NA,NA,NA,NA,NA,NA,NA,NA,NA,NA,NA,NA,NA
"San Marino","Autodromo Enzo e Dino Ferrari, San Marino",1994,"01 May 1994","Bertrand","Gachot",34,"Pacific Ilmor","NC",25,23,0,NA,NA,NA,"1:29.094",NA,"1:27.143",21,1,15,NA,NA,NA,NA,NA,"37.006",NA,NA,NA,NA,NA
"San Marino","Autodromo Enzo e Dino Ferrari, San Marino",1994,"01 May 1994","Olivier","Beretta",19,"Larrousse Ford","NC",23,17,0,NA,NA,NA,"1:28.891",NA,"1:25.991",14,NA,NA,NA,NA,NA,NA,NA,NA,NA,NA,NA,NA,NA
"San Marino","Autodromo Enzo e Dino Ferrari, San Marino",1994,"01 May 1994","Gerhard","Berger",28,"Ferrari","NC",3,16,0,NA,NA,NA,"1:25.040",NA,"1:22.113",16,1,11,NA,NA,NA,NA,NA,"20.219",NA,NA,NA,NA,NA
"San Marino","Autodromo Enzo e Dino Ferrari, San Marino",1994,"01 May 1994","Ayrton","Senna",2,"Williams Renault","NC",1,5,0,NA,NA,NA,NA,NA,"1:21.548",10,NA,NA,NA,NA,NA,NA,NA,NA,NA,NA,NA,NA,NA
"San Marino","Autodromo Enzo e Dino Ferrari, San Marino",1994,"01 May 1994","Erik","Comas",20,"Larrousse Ford","NC",18,5,0,NA,NA,NA,NA,NA,"1:24.852",16,NA,NA,NA,NA,NA,NA,NA,NA,NA,NA,NA,NA,NA
"Monaco","Circuit de Monaco, Monaco",1994,"15 May 1994","Michael","Schumacher",5,"Benetton Ford","1",1,78,10,"1:49:55.372",NA,NA,"1:21.076",NA,"1:18.560",18,NA,NA,NA,NA,NA,NA,NA,NA,NA,NA,NA,NA,NA
"Monaco","Circuit de Monaco, Monaco",1994,"15 May 1994","Martin","Brundle",8,"McLaren Peugeot","2",8,78,6,"1:50:32.650","37.278","37.2780001163483","1:21.998",NA,"1:21.222",20,NA,NA,NA,NA,NA,NA,NA,NA,NA,NA,NA,NA,NA
"Monaco","Circuit de Monaco, Monaco",1994,"15 May 1994","Gerhard","Berger",28,"Ferrari","3",3,78,4,"1:51:12.195","76.824","39.5449998378754","1:22.248",NA,"1:19.958",20,NA,NA,NA,NA,NA,NA,NA,NA,NA,NA,NA,NA,NA
"Monaco","Circuit de Monaco, Monaco",1994,"15 May 1994","Andrea","deCesaris",15,"Jordan Hart","4",14,77,3,"1","1","1","1:23.978",NA,"1:22.265",22,NA,NA,NA,NA,NA,NA,NA,NA,NA,NA,NA,NA,NA
"Monaco","Circuit de Monaco, Monaco",1994,"15 May 1994","Jean","Alesi",27,"Ferrari","5",5,77,2,"1","1","1","1:23.420",NA,"1:20.452",18,NA,NA,NA,NA,NA,NA,NA,NA,NA,NA,NA,NA,NA
"Monaco","Circuit de Monaco, Monaco",1994,"15 May 1994","Michele","Alboreto",24,"Minardi Ford","6",12,77,1,"1","1","1","1:23.996",NA,"1:21.793",22,NA,NA,NA,NA,NA,NA,NA,NA,NA,NA,NA,NA,NA
"Monaco","Circuit de Monaco, Monaco",1994,"15 May 1994","Jyrki","Jarvilehto",6,"Benetton Ford","7",17,77,0,"1","1","1","1:23.737",NA,"1:22.679",22,NA,NA,NA,NA,NA,NA,NA,NA,NA,NA,NA,NA,NA
"Monaco","Circuit de Monaco, Monaco",1994,"15 May 1994","Olivier","Beretta",19,"Larrousse Ford","8",18,76,0,"2","2","2","1:25.169",NA,"1:23.025",22,NA,NA,NA,NA,NA,NA,NA,NA,NA,NA,NA,NA,NA
"Monaco","Circuit de Monaco, Monaco",1994,"15 May 1994","Olivier","Panis",26,"Ligier Renault","9",20,76,0,"2","2","2","1:25.563",NA,"1:24.131",16,NA,NA,NA,NA,NA,NA,NA,NA,NA,NA,NA,NA,NA
"Monaco","Circuit de Monaco, Monaco",1994,"15 May 1994","Erik","Comas",20,"Larrousse Ford","10",13,75,0,"3","3","3","1:24.080",NA,"1:22.211",18,NA,NA,NA,NA,NA,NA,NA,NA,NA,NA,NA,NA,NA
"Monaco","Circuit de Monaco, Monaco",1994,"15 May 1994","Pedro","Lamy",11,"Lotus Mugen Honda","11",19,73,0,"5","5","5","1:26.339",NA,"1:23.858",22,NA,NA,NA,NA,NA,NA,NA,NA,NA,NA,NA,NA,NA
"Monaco","Circuit de Monaco, Monaco",1994,"15 May 1994","Johnny","Herbert",12,"Lotus Mugen Honda","NC",16,68,0,NA,NA,NA,"1:25.479",NA,"1:22.375",19,NA,NA,NA,NA,NA,NA,NA,NA,NA,NA,NA,NA,NA
"Monaco","Circuit de Monaco, Monaco",1994,"15 May 1994","Paul","Belmondo",33,"Pacific Ilmor","NC",24,53,0,NA,NA,NA,"1:30.048",NA,"1:29.984",10,NA,NA,NA,NA,NA,NA,NA,NA,NA,NA,NA,NA,NA
"Monaco","Circuit de Monaco, Monaco",1994,"15 May 1994","Bertrand","Gachot",34,"Pacific Ilmor","NC",23,49,0,NA,NA,NA,"1:27.711",NA,"1:26.082",8,NA,NA,NA,NA,NA,NA,NA,NA,NA,NA,NA,NA,NA
"Monaco","Circuit de Monaco, Monaco",1994,"15 May 1994","Christian","Fittipaldi",9,"Footwork Ford","NC",6,47,0,NA,NA,NA,"1:23.765",NA,"1:21.053",22,NA,NA,NA,NA,NA,NA,NA,NA,NA,NA,NA,NA,NA
"Monaco","Circuit de Monaco, Monaco",1994,"15 May 1994","David","Brabham",31,"Simtek Ford","NC",22,45,0,NA,NA,NA,"1:25.844",NA,"1:24.656",20,NA,NA,NA,NA,NA,NA,NA,NA,NA,NA,NA,NA,NA
"Monaco","Circuit de Monaco, Monaco",1994,"15 May 1994","Mark","Blundell",4,"Tyrrell Yamaha","NC",10,40,0,NA,NA,NA,"1:23.840",NA,"1:21.614",14,NA,NA,NA,NA,NA,NA,NA,NA,NA,NA,NA,NA,NA
"Monaco","Circuit de Monaco, Monaco",1994,"15 May 1994","Ukyo","Katayama",3,"Tyrrell Yamaha","NC",11,38,0,NA,NA,NA,"1:24.498",NA,"1:21.731",21,NA,NA,NA,NA,NA,NA,NA,NA,NA,NA,NA,NA,NA
"Monaco","Circuit de Monaco, Monaco",1994,"15 May 1994","Eric","Bernard",25,"Ligier Renault","NC",21,34,0,NA,NA,NA,"1:25.904",NA,"1:24.377",12,NA,NA,NA,NA,NA,NA,NA,NA,NA,NA,NA,NA,NA
"Monaco","Circuit de Monaco, Monaco",1994,"15 May 1994","Rubens","Barrichello",14,"Jordan Hart","NC",15,27,0,NA,NA,NA,"1:25.240",NA,"1:22.359",22,NA,NA,NA,NA,NA,NA,NA,NA,NA,NA,NA,NA,NA
"Monaco","Circuit de Monaco, Monaco",1994,"15 May 1994","Damon","Hill",0,"Williams Renault","NC",4,0,0,NA,NA,NA,NA,NA,"1:20.079",22,NA,NA,NA,NA,NA,NA,NA,NA,NA,NA,NA,NA,NA
"Monaco","Circuit de Monaco, Monaco",1994,"15 May 1994","Mika","Hakkinen",7,"McLaren Peugeot","NC",2,0,0,NA,NA,NA,NA,NA,"1:19.488",22,NA,NA,NA,NA,NA,NA,NA,NA,NA,NA,NA,NA,NA
"Monaco","Circuit de Monaco, Monaco",1994,"15 May 1994","Gianni","Morbidelli",10,"Footwork Ford","NC",7,0,0,NA,NA,NA,NA,NA,"1:21.189",21,NA,NA,NA,NA,NA,NA,NA,NA,NA,NA,NA,NA,NA
"Monaco","Circuit de Monaco, Monaco",1994,"15 May 1994","Pierluigi","Martini",23,"Minardi Ford","NC",9,0,0,NA,NA,NA,NA,NA,"1:21.288",18,NA,NA,NA,NA,NA,NA,NA,NA,NA,NA,NA,NA,NA
"Spain","Circuit de Catalunya, Spain",1994,"29 May 1994","Damon","Hill",0,"Williams Renault","1",2,65,10,"1:36:14.374",NA,NA,"1:25.874",NA,"1:22.559",24,1,42,NA,NA,NA,NA,NA,"32.748",NA,NA,NA,NA,NA
"Spain","Circuit de Catalunya, Spain",1994,"29 May 1994","Michael","Schumacher",5,"Benetton Ford","2",1,65,6,"1:36:38.539","24.166","24.164999961853","1:25.155",NA,"1:21.908",21,2,22,46,NA,NA,NA,NA,"37.571","30.614",NA,NA,NA,NA
"Spain","Circuit de Catalunya, Spain",1994,"29 May 1994","Mark","Blundell",4,"Tyrrell Yamaha","3",11,65,4,"1:37:41.343","86.969","1.0467333316803","1:27.468",NA,"1:23.981",21,2,20,37,NA,NA,NA,NA,"35.950","33.927",NA,NA,NA,NA
"Spain","Circuit de Catalunya, Spain",1994,"29 May 1994","Jean","Alesi",27,"Ferrari","4",6,64,3,"1","1","1","1:27.558",NA,"1:23.700",23,2,20,39,NA,NA,NA,NA,"35.390","36.185",NA,NA,NA,NA
"Spain","Circuit de Catalunya, Spain",1994,"29 May 1994","Pierluigi","Martini",23,"Minardi Ford","5",18,64,2,"1","1","1","1:28.610",NA,"1:25.247",16,2,20,42,NA,NA,NA,NA,"34.701","34.862",NA,NA,NA,NA
"Spain","Circuit de Catalunya, Spain",1994,"29 May 1994","Eddie","Irvine",15,"Jordan Hart","6",13,64,1,"1","1","1","1:26.580",NA,"1:24.930",23,3,19,42,49,NA,NA,NA,"37.599","37.731","1:02.740",NA,NA,NA
"Spain","Circuit de Catalunya, Spain",1994,"29 May 1994","Olivier","Panis",26,"Ligier Renault","7",19,63,0,"2","2","2","1:29.118",NA,"1:25.577",23,2,20,41,NA,NA,NA,NA,"34.216","34.405",NA,NA,NA,NA
"Spain","Circuit de Catalunya, Spain",1994,"29 May 1994","Eric","Bernard",25,"Ligier Renault","8",20,62,0,"3","3","3","1:29.233",NA,"1:25.766",24,3,8,23,43,NA,NA,NA,"33.230","33.740","32.800",NA,NA,NA
"Spain","Circuit de Catalunya, Spain",1994,"29 May 1994","Alessandro","Zanardi",11,"Lotus Mugen Honda","9",23,62,0,"3","3","3","1:30.493",NA,"1:27.685",16,2,24,45,NA,NA,NA,NA,"33.723","35.266",NA,NA,NA,NA
"Spain","Circuit de Catalunya, Spain",1994,"29 May 1994","David","Brabham",31,"Simtek Ford","10",24,61,0,"4","4","4","1:30.558",NA,"1:28.151",20,2,22,36,NA,NA,NA,NA,"40.093","42.625",NA,NA,NA,NA
"Spain","Circuit de Catalunya, Spain",1994,"29 May 1994","Martin","Brundle",8,"McLaren Peugeot","11",8,59,0,NA,NA,NA,"1:26.233",NA,"1:23.763",24,2,18,41,NA,NA,NA,NA,"38.584","36.647",NA,NA,NA,NA
"Spain","Circuit de Catalunya, Spain",1994,"29 May 1994","Jyrki","Jarvilehto",6,"Benetton Ford","NC",4,53,0,NA,NA,NA,"1:26.346",NA,"1:22.983",21,3,19,41,53,NA,NA,NA,"33.778","42.301","37.067",NA,NA,NA
"Spain","Circuit de Catalunya, Spain",1994,"29 May 1994","Mika","Hakkinen",7,"McLaren Peugeot","NC",3,48,0,NA,NA,NA,"1:25.872",NA,"1:22.660",22,3,16,31,46,NA,NA,NA,"32.864","33.028","33.668",NA,NA,NA
"Spain","Circuit de Catalunya, Spain",1994,"29 May 1994","Johnny","Herbert",12,"Lotus Mugen Honda","NC",22,41,0,NA,NA,NA,"1:28.901",NA,"1:26.397",15,2,21,42,NA,NA,NA,NA,"37.228","32.096",NA,NA,NA,NA
"Spain","Circuit de Catalunya, Spain",1994,"29 May 1994","Rubens","Barrichello",14,"Jordan Hart","NC",5,39,0,NA,NA,NA,"1:26.863",NA,"1:23.594",23,1,22,NA,NA,NA,NA,NA,"51.350",NA,NA,NA,NA,NA
"Spain","Circuit de Catalunya, Spain",1994,"29 May 1994","Christian","Fittipaldi",9,"Footwork Ford","NC",21,35,0,NA,NA,NA,"1:28.002",NA,"1:26.084",24,NA,NA,NA,NA,NA,NA,NA,NA,NA,NA,NA,NA,NA
"Spain","Circuit de Catalunya, Spain",1994,"29 May 1994","David","Coulthard",2,"Williams Renault","NC",9,32,0,NA,NA,NA,"1:26.983",NA,"1:23.782",19,1,17,NA,NA,NA,NA,NA,"1:27.166",NA,NA,NA,NA,NA
"Spain","Circuit de Catalunya, Spain",1994,"29 May 1994","Bertrand","Gachot",34,"Pacific Ilmor","NC",25,32,0,NA,NA,NA,"1:31.557",NA,"1:28.873",13,1,30,NA,NA,NA,NA,NA,"45.196",NA,NA,NA,NA,NA
"Spain","Circuit de Catalunya, Spain",1994,"29 May 1994","Gerhard","Berger",28,"Ferrari","NC",7,27,0,NA,NA,NA,"1:27.614",NA,"1:23.715",19,1,17,NA,NA,NA,NA,NA,"32.588",NA,NA,NA,NA,NA
"Spain","Circuit de Catalunya, Spain",1994,"29 May 1994","Gianni","Morbidelli",10,"Footwork Ford","NC",15,24,0,NA,NA,NA,"1:28.032",NA,"1:25.018",24,NA,NA,NA,NA,NA,NA,NA,NA,NA,NA,NA,NA,NA
"Spain","Circuit de Catalunya, Spain",1994,"29 May 1994","Heinz-Harald","Frentzen",30,"Sauber Mercedes","NC",12,21,0,NA,NA,NA,"1:28.279",NA,"1:24.254",21,NA,NA,NA,NA,NA,NA,NA,NA,NA,NA,NA,NA,NA
"Spain","Circuit de Catalunya, Spain",1994,"29 May 1994","Erik","Comas",20,"Larrousse Ford","NC",16,19,0,NA,NA,NA,"1:27.533",NA,"1:25.050",24,1,18,NA,NA,NA,NA,NA,"38.183",NA,NA,NA,NA,NA
"Spain","Circuit de Catalunya, Spain",1994,"29 May 1994","Ukyo","Katayama",3,"Tyrrell Yamaha","NC",10,16,0,NA,NA,NA,"1:26.658",NA,"1:23.969",16,NA,NA,NA,NA,NA,NA,NA,NA,NA,NA,NA,NA,NA
"Spain","Circuit de Catalunya, Spain",1994,"29 May 1994","Michele","Alboreto",24,"Minardi Ford","NC",14,4,0,NA,NA,NA,"1:29.880",NA,"1:24.996",23,NA,NA,NA,NA,NA,NA,NA,NA,NA,NA,NA,NA,NA
"Spain","Circuit de Catalunya, Spain",1994,"29 May 1994","Paul","Belmondo",33,"Pacific Ilmor","NC",26,2,0,NA,NA,NA,"1:35.061",NA,"1:30.657",23,NA,NA,NA,NA,NA,NA,NA,NA,NA,NA,NA,NA,NA
"Spain","Circuit de Catalunya, Spain",1994,"29 May 1994","Olivier","Beretta",19,"Larrousse Ford","NC",17,0,0,NA,NA,NA,NA,NA,"1:25.161",17,NA,NA,NA,NA,NA,NA,NA,NA,NA,NA,NA,NA,NA
"Canada","Circuit Gilles-Villeneuve, Canada",1994,"12 Jun 1994","Michael","Schumacher",5,"Benetton Ford","1",1,69,10,"1:44:31.887",NA,NA,"1:28.927",NA,"1:26.178",22,1,40,NA,NA,NA,NA,NA,"35.128",NA,NA,NA,NA,NA
"Canada","Circuit Gilles-Villeneuve, Canada",1994,"12 Jun 1994","Damon","Hill",0,"Williams Renault","2",4,69,6,"1:45:11.547","39.660","39.6599998474121","1:28.962",NA,"1:27.094",24,1,33,NA,NA,NA,NA,NA,"36.301",NA,NA,NA,NA,NA
"Canada","Circuit Gilles-Villeneuve, Canada",1994,"12 Jun 1994","Jean","Alesi",27,"Ferrari","3",2,69,4,"1:45:45.275","73.388","33.728000164032","1:29.260",NA,"1:26.277",24,1,31,NA,NA,NA,NA,NA,"36.315",NA,NA,NA,NA,NA
"Canada","Circuit Gilles-Villeneuve, Canada",1994,"12 Jun 1994","Gerhard","Berger",28,"Ferrari","4",3,69,3,"1:45:47.496","75.609","2.22099995613098","1:29.142",NA,"1:27.059",24,2,22,44,NA,NA,NA,NA,"31.817","32.530",NA,NA,NA,NA
"Canada","Circuit Gilles-Villeneuve, Canada",1994,"12 Jun 1994","David","Coulthard",2,"Williams Renault","5",5,68,2,"1","1","1","1:29.966",NA,"1:27.211",20,1,34,NA,NA,NA,NA,NA,"36.382",NA,NA,NA,NA,NA
"Canada","Circuit Gilles-Villeneuve, Canada",1994,"12 Jun 1994","Jyrki","Jarvilehto",6,"Benetton Ford","6",20,68,1,"1","1","1","1:30.374",NA,"1:28.993",21,1,35,NA,NA,NA,NA,NA,"36.501",NA,NA,NA,NA,NA
"Canada","Circuit Gilles-Villeneuve, Canada",1994,"12 Jun 1994","Rubens","Barrichello",14,"Jordan Hart","7",6,68,0,"1","1","1","1:29.757",NA,"1:27.554",21,3,21,45,52,NA,NA,NA,"34.881","34.285","20.480",NA,NA,NA
"Canada","Circuit Gilles-Villeneuve, Canada",1994,"12 Jun 1994","Johnny","Herbert",12,"Lotus Mugen Honda","8",17,68,0,"1","1","1","1:30.865",NA,"1:28.889",22,2,17,43,NA,NA,NA,NA,"33.429","39.160",NA,NA,NA,NA
"Canada","Circuit Gilles-Villeneuve, Canada",1994,"12 Jun 1994","Pierluigi","Martini",23,"Minardi Ford","9",15,68,0,"1","1","1","1:31.587",NA,"1:28.847",23,1,33,NA,NA,NA,NA,NA,"35.359",NA,NA,NA,NA,NA
"Canada","Circuit Gilles-Villeneuve, Canada",1994,"12 Jun 1994","Mark","Blundell",4,"Tyrrell Yamaha","10",13,67,0,NA,NA,NA,"1:29.369",NA,"1:28.579",23,3,16,32,51,NA,NA,NA,"32.880","32.979","32.684",NA,NA,NA
"Canada","Circuit Gilles-Villeneuve, Canada",1994,"12 Jun 1994","Michele","Alboreto",24,"Minardi Ford","11",18,67,0,"2","2","2","1:31.221",NA,"1:28.903",21,1,39,NA,NA,NA,NA,NA,"35.626",NA,NA,NA,NA,NA
"Canada","Circuit Gilles-Villeneuve, Canada",1994,"12 Jun 1994","Olivier","Panis",26,"Ligier Renault","12",19,67,0,"2","2","2","1:31.109",NA,"1:28.950",24,1,40,NA,NA,NA,NA,NA,"34.494",NA,NA,NA,NA,NA
"Canada","Circuit Gilles-Villeneuve, Canada",1994,"12 Jun 1994","Eric","Bernard",25,"Ligier Renault","13",24,66,0,"3","3","3","1:31.703",NA,"1:30.493",22,2,22,45,NA,NA,NA,NA,"31.949","30.502",NA,NA,NA,NA
"Canada","Circuit Gilles-Villeneuve, Canada",1994,"12 Jun 1994","David","Brabham",31,"Simtek Ford","14",25,65,0,"4","4","4","1:31.840",NA,"1:31.632",20,2,33,54,NA,NA,NA,NA,"38.723","58.630",NA,NA,NA,NA
"Canada","Circuit Gilles-Villeneuve, Canada",1994,"12 Jun 1994","Alessandro","Zanardi",11,"Lotus Mugen Honda","15",23,62,0,NA,NA,NA,"1:31.588",NA,"1:30.160",23,1,14,NA,NA,NA,NA,NA,"34.735",NA,NA,NA,NA,NA
"Canada","Circuit Gilles-Villeneuve, Canada",1994,"12 Jun 1994","Mika","Hakkinen",7,"McLaren Peugeot","NC",7,61,0,NA,NA,NA,"1:29.512",NA,"1:27.616",24,2,18,43,NA,NA,NA,NA,"34.007","32.599",NA,NA,NA,NA
"Canada","Circuit Gilles-Villeneuve, Canada",1994,"12 Jun 1994","Olivier","Beretta",19,"Larrousse Ford","NC",22,57,0,NA,NA,NA,"1:31.451",NA,"1:29.403",24,1,30,NA,NA,NA,NA,NA,"41.808",NA,NA,NA,NA,NA
"Canada","Circuit Gilles-Villeneuve, Canada",1994,"12 Jun 1994","Gianni","Morbidelli",10,"Footwork Ford","NC",11,50,0,NA,NA,NA,"1:29.698",NA,"1:27.989",24,2,24,50,NA,NA,NA,NA,"35.374","42.035",NA,NA,NA,NA
"Canada","Circuit Gilles-Villeneuve, Canada",1994,"12 Jun 1994","Bertrand","Gachot",34,"Pacific Ilmor","NC",26,47,0,NA,NA,NA,"1:32.041",NA,"1:32.838",22,1,20,NA,NA,NA,NA,NA,"1:07.482",NA,NA,NA,NA,NA
"Canada","Circuit Gilles-Villeneuve, Canada",1994,"12 Jun 1994","Erik","Comas",20,"Larrousse Ford","NC",21,45,0,NA,NA,NA,"1:30.194",NA,"1:29.039",23,3,18,27,39,NA,NA,NA,"34.691","36.308","35.450",NA,NA,NA
"Canada","Circuit Gilles-Villeneuve, Canada",1994,"12 Jun 1994","Ukyo","Katayama",3,"Tyrrell Yamaha","NC",9,44,0,NA,NA,NA,"1:30.079",NA,"1:27.827",20,2,18,39,NA,NA,NA,NA,"1:03.283","42.423",NA,NA,NA,NA
"Canada","Circuit Gilles-Villeneuve, Canada",1994,"12 Jun 1994","Eddie","Irvine",15,"Jordan Hart","NC",8,40,0,NA,NA,NA,"1:30.626",NA,"1:27.780",24,1,23,NA,NA,NA,NA,NA,"33.688",NA,NA,NA,NA,NA
"Canada","Circuit Gilles-Villeneuve, Canada",1994,"12 Jun 1994","Andrea","deCesaris",29,"Sauber Mercedes","NC",14,24,0,NA,NA,NA,"1:31.187",NA,"1:28.694",24,1,20,NA,NA,NA,NA,NA,"37.358",NA,NA,NA,NA,NA
"Canada","Circuit Gilles-Villeneuve, Canada",1994,"12 Jun 1994","Heinz-Harald","Frentzen",30,"Sauber Mercedes","NC",10,5,0,NA,NA,NA,"1:30.796",NA,"1:27.977",21,NA,NA,NA,NA,NA,NA,NA,NA,NA,NA,NA,NA,NA
"Canada","Circuit Gilles-Villeneuve, Canada",1994,"12 Jun 1994","Martin","Brundle",8,"McLaren Peugeot","NC",12,3,0,NA,NA,NA,"1:31.759",NA,"1:28.197",24,NA,NA,NA,NA,NA,NA,NA,NA,NA,NA,NA,NA,NA
"France","Circuit de Nevers Magny-Cours, France",1994,"03 Jul 1994","Michael","Schumacher",5,"Benetton Ford","1",3,72,10,"1:38:35.704",NA,NA,"1:19.753",NA,"1:16.707",20,3,21,38,55,NA,NA,NA,"24.890","23.026","22.851",NA,NA,NA
"France","Circuit de Nevers Magny-Cours, France",1994,"03 Jul 1994","Damon","Hill",0,"Williams Renault","2",1,72,6,"1:38:48.345","12.642","12.6410000324249","1:19.678",NA,"1:16.282",24,2,21,46,NA,NA,NA,NA,"26.825","24.232",NA,NA,NA,NA
"France","Circuit de Nevers Magny-Cours, France",1994,"03 Jul 1994","Gerhard","Berger",28,"Ferrari","3",5,72,4,"1:39:28.469","52.765","40.1240000724792","1:20.659",NA,"1:16.959",22,2,21,45,NA,NA,NA,NA,"29.268","26.677",NA,NA,NA,NA
"France","Circuit de Nevers Magny-Cours, France",1994,"03 Jul 1994","Heinz-Harald","Frentzen",30,"Sauber Mercedes","4",10,71,3,"1","1","1","1:22.080",NA,"1:17.830",21,2,21,47,NA,NA,NA,NA,"29.049","28.151",NA,NA,NA,NA
"France","Circuit de Nevers Magny-Cours, France",1994,"03 Jul 1994","Pierluigi","Martini",23,"Minardi Ford","5",16,70,2,"2","2","2","1:22.740",NA,"1:18.248",22,2,24,47,NA,NA,NA,NA,"27.679","28.978",NA,NA,NA,NA
"France","Circuit de Nevers Magny-Cours, France",1994,"03 Jul 1994","Andrea","deCesaris",29,"Sauber Mercedes","6",11,70,1,"2","2","2","1:22.121",NA,"1:17.866",23,2,22,47,NA,NA,NA,NA,"25.427","30.953",NA,NA,NA,NA
"France","Circuit de Nevers Magny-Cours, France",1994,"03 Jul 1994","Johnny","Herbert",12,"Lotus Mugen Honda","7",19,70,0,"2","2","2","1:22.763",NA,"1:18.715",24,2,23,48,NA,NA,NA,NA,"28.020","26.907",NA,NA,NA,NA
"France","Circuit de Nevers Magny-Cours, France",1994,"03 Jul 1994","Christian","Fittipaldi",9,"Footwork Ford","8",18,70,0,"2","2","2","1:22.852",NA,"1:18.568",21,1,32,NA,NA,NA,NA,NA,"28.026",NA,NA,NA,NA,NA
"France","Circuit de Nevers Magny-Cours, France",1994,"03 Jul 1994","Jean-Marc","Gounon",32,"Simtek Ford","9",26,68,0,"4","4","4","1:24.351",NA,"1:21.829",17,2,27,51,NA,NA,NA,NA,"52.387","45.164",NA,NA,NA,NA
"France","Circuit de Nevers Magny-Cours, France",1994,"03 Jul 1994","Mark","Blundell",4,"Tyrrell Yamaha","10",17,67,0,"5","5","5","1:23.368",NA,"1:18.381",24,1,33,NA,NA,NA,NA,NA,"4:30.350",NA,NA,NA,NA,NA
"France","Circuit de Nevers Magny-Cours, France",1994,"03 Jul 1994","Erik","Comas",20,"Larrousse Ford","11",20,66,0,NA,NA,NA,"1:23.037",NA,"1:18.811",20,1,31,NA,NA,NA,NA,NA,"37.985",NA,NA,NA,NA,NA
"France","Circuit de Nevers Magny-Cours, France",1994,"03 Jul 1994","Ukyo","Katayama",3,"Tyrrell Yamaha","NC",14,53,0,NA,NA,NA,"1:22.493",NA,"1:18.192",24,2,21,44,NA,NA,NA,NA,"26.802","25.753",NA,NA,NA,NA
"France","Circuit de Nevers Magny-Cours, France",1994,"03 Jul 1994","Mika","Hakkinen",7,"McLaren Peugeot","NC",9,48,0,NA,NA,NA,"1:21.829",NA,"1:17.768",19,2,22,46,NA,NA,NA,NA,"26.267","25.523",NA,NA,NA,NA
"France","Circuit de Nevers Magny-Cours, France",1994,"03 Jul 1994","Nigel","Mansell",2,"Williams Renault","NC",2,45,0,NA,NA,NA,"1:20.242",NA,"1:16.359",21,2,19,30,NA,NA,NA,NA,"26.166","23.657",NA,NA,NA,NA
"France","Circuit de Nevers Magny-Cours, France",1994,"03 Jul 1994","Jean","Alesi",27,"Ferrari","NC",4,41,0,NA,NA,NA,"1:20.220",NA,"1:16.954",20,1,20,NA,NA,NA,NA,NA,"25.678",NA,NA,NA,NA,NA
"France","Circuit de Nevers Magny-Cours, France",1994,"03 Jul 1994","Rubens","Barrichello",14,"Jordan Hart","NC",7,41,0,NA,NA,NA,"1:20.762",NA,"1:17.482",22,1,25,NA,NA,NA,NA,NA,"29.560",NA,NA,NA,NA,NA
"France","Circuit de Nevers Magny-Cours, France",1994,"03 Jul 1994","Eric","Bernard",25,"Ligier Renault","NC",15,40,0,NA,NA,NA,"1:23.195",NA,"1:18.236",21,2,26,40,NA,NA,NA,NA,"29.184","51.739",NA,NA,NA,NA
"France","Circuit de Nevers Magny-Cours, France",1994,"03 Jul 1994","Olivier","Beretta",19,"Larrousse Ford","NC",25,36,0,NA,NA,NA,"1:23.739",NA,"1:19.863",16,1,33,NA,NA,NA,NA,NA,"32.062",NA,NA,NA,NA,NA
"France","Circuit de Nevers Magny-Cours, France",1994,"03 Jul 1994","Martin","Brundle",8,"McLaren Peugeot","NC",12,29,0,NA,NA,NA,"1:21.992",NA,"1:18.031",23,1,21,NA,NA,NA,NA,NA,"25.491",NA,NA,NA,NA,NA
"France","Circuit de Nevers Magny-Cours, France",1994,"03 Jul 1994","Gianni","Morbidelli",10,"Footwork Ford","NC",22,28,0,NA,NA,NA,"1:23.299",NA,"1:18.936",20,NA,NA,NA,NA,NA,NA,NA,NA,NA,NA,NA,NA,NA
"France","Circuit de Nevers Magny-Cours, France",1994,"03 Jul 1994","Olivier","Panis",26,"Ligier Renault","NC",13,28,0,NA,NA,NA,"1:22.625",NA,"1:18.044",23,1,24,NA,NA,NA,NA,NA,"27.709",NA,NA,NA,NA,NA
"France","Circuit de Nevers Magny-Cours, France",1994,"03 Jul 1994","David","Brabham",31,"Simtek Ford","NC",24,28,0,NA,NA,NA,"1:23.920",NA,"1:19.771",22,1,23,NA,NA,NA,NA,NA,"30.110",NA,NA,NA,NA,NA
"France","Circuit de Nevers Magny-Cours, France",1994,"03 Jul 1994","Jos","Verstappen",6,"Benetton Ford","NC",8,25,0,NA,NA,NA,"1:21.536",NA,"1:17.645",14,2,12,23,NA,NA,NA,NA,"46.887","24.345",NA,NA,NA,NA
"France","Circuit de Nevers Magny-Cours, France",1994,"03 Jul 1994","Eddie","Irvine",15,"Jordan Hart","NC",6,24,0,NA,NA,NA,"1:22.007",NA,"1:17.441",22,NA,NA,NA,NA,NA,NA,NA,NA,NA,NA,NA,NA,NA
"France","Circuit de Nevers Magny-Cours, France",1994,"03 Jul 1994","Michele","Alboreto",24,"Minardi Ford","NC",21,21,0,NA,NA,NA,"1:23.676",NA,"1:18.890",24,1,21,NA,NA,NA,NA,NA,"36.192",NA,NA,NA,NA,NA
"France","Circuit de Nevers Magny-Cours, France",1994,"03 Jul 1994","Alessandro","Zanardi",11,"Lotus Mugen Honda","NC",23,20,0,NA,NA,NA,"1:23.558",NA,"1:19.066",23,NA,NA,NA,NA,NA,NA,NA,NA,NA,NA,NA,NA,NA
"Great Britain","Silverstone Circuit, Great Britain",1994,"10 Jul 1994","Damon","Hill",0,"Williams Renault","1",1,60,10,"1:30:03.640",NA,NA,"1:27.100",NA,"1:24.960",20,2,15,38,NA,NA,NA,NA,"38.997","39.162",NA,NA,NA,NA
"Great Britain","Silverstone Circuit, Great Britain",1994,"10 Jul 1994","Jean","Alesi",27,"Ferrari","2",4,60,6,"1:31:30.546","86.906","1.44843333164851","1:29.181",NA,"1:25.541",22,1,28,NA,NA,NA,NA,NA,"44.203",NA,NA,NA,NA,NA
"Great Britain","Silverstone Circuit, Great Britain",1994,"10 Jul 1994","Mika","Hakkinen",7,"McLaren Peugeot","3",5,60,4,"1:31:44.299","100.659","13.7530000209808","1:29.406",NA,"1:26.268",21,1,28,NA,NA,NA,NA,NA,"40.455",NA,NA,NA,NA,NA
"Great Britain","Silverstone Circuit, Great Britain",1994,"10 Jul 1994","Rubens","Barrichello",14,"Jordan Hart","4",6,60,3,"1:31:45.391","101.751","1.09200000762939","1:29.197",NA,"1:26.271",22,2,20,41,NA,NA,NA,NA,"40.252","40.537",NA,NA,NA,NA
"Great Britain","Silverstone Circuit, Great Britain",1994,"10 Jul 1994","David","Coulthard",2,"Williams Renault","5",7,59,2,"1","1","1","1:27.889",NA,"1:26.337",19,2,17,39,NA,NA,NA,NA,"40.234","40.120",NA,NA,NA,NA
"Great Britain","Silverstone Circuit, Great Britain",1994,"10 Jul 1994","Ukyo","Katayama",3,"Tyrrell Yamaha","6",8,59,1,"1","1","1","1:29.556",NA,"1:26.414",24,2,18,39,NA,NA,NA,NA,"40.842","40.423",NA,NA,NA,NA
"Great Britain","Silverstone Circuit, Great Britain",1994,"10 Jul 1994","Heinz-Harald","Frentzen",30,"Sauber Mercedes","7",13,59,0,"1","1","1","1:29.695",NA,"1:27.284",19,1,28,NA,NA,NA,NA,NA,"42.470",NA,NA,NA,NA,NA
"Great Britain","Silverstone Circuit, Great Britain",1994,"10 Jul 1994","Jos","Verstappen",6,"Benetton Ford","8",10,59,0,"1","1","1","1:29.876",NA,"1:26.841",12,2,20,41,NA,NA,NA,NA,"41.155","41.749",NA,NA,NA,NA
"Great Britain","Silverstone Circuit, Great Britain",1994,"10 Jul 1994","Christian","Fittipaldi",9,"Footwork Ford","9",20,58,0,"2","2","2","1:30.683",NA,"1:28.231",22,1,30,NA,NA,NA,NA,NA,"42.915",NA,NA,NA,NA,NA
"Great Britain","Silverstone Circuit, Great Britain",1994,"10 Jul 1994","Pierluigi","Martini",23,"Minardi Ford","10",14,58,0,"2","2","2","1:31.481",NA,"1:27.522",24,1,27,NA,NA,NA,NA,NA,"42.260",NA,NA,NA,NA,NA
"Great Britain","Silverstone Circuit, Great Britain",1994,"10 Jul 1994","Johnny","Herbert",12,"Lotus Mugen Honda","11",21,58,0,"2","2","2","1:31.711",NA,"1:28.340",24,1,27,NA,NA,NA,NA,NA,"42.741",NA,NA,NA,NA,NA
"Great Britain","Silverstone Circuit, Great Britain",1994,"10 Jul 1994","Olivier","Panis",26,"Ligier Renault","12",15,58,0,"2","2","2","1:29.993",NA,"1:27.785",21,3,15,21,34,NA,NA,NA,"41.375","47.456","40.958",NA,NA,NA
"Great Britain","Silverstone Circuit, Great Britain",1994,"10 Jul 1994","Eric","Bernard",25,"Ligier Renault","13",23,58,0,"2","2","2","1:30.769",NA,"1:28.955",21,2,17,39,NA,NA,NA,NA,"40.315","40.090",NA,NA,NA,NA
"Great Britain","Silverstone Circuit, Great Britain",1994,"10 Jul 1994","Olivier","Beretta",19,"Larrousse Ford","14",24,58,0,"2","2","2","1:31.253",NA,"1:29.299",21,1,25,NA,NA,NA,NA,NA,"46.855",NA,NA,NA,NA,NA
"Great Britain","Silverstone Circuit, Great Britain",1994,"10 Jul 1994","David","Brabham",31,"Simtek Ford","15",25,57,0,"3","3","3","1:32.986",NA,"1:30.690",16,2,18,37,NA,NA,NA,NA,"45.298","44.296",NA,NA,NA,NA
"Great Britain","Silverstone Circuit, Great Britain",1994,"10 Jul 1994","Jean-Marc","Gounon",32,"Simtek Ford","16",26,57,0,"3","3","3","1:33.127",NA,"1:30.722",24,1,29,NA,NA,NA,NA,NA,"48.323",NA,NA,NA,NA,NA
"Great Britain","Silverstone Circuit, Great Britain",1994,"10 Jul 1994","Michele","Alboreto",24,"Minardi Ford","NC",17,48,0,NA,NA,NA,"1:31.136",NA,"1:28.100",24,1,31,NA,NA,NA,NA,NA,"46.320",NA,NA,NA,NA,NA
"Great Britain","Silverstone Circuit, Great Britain",1994,"10 Jul 1994","Gerhard","Berger",28,"Ferrari","NC",3,32,0,NA,NA,NA,"1:28.603",NA,"1:24.980",20,1,22,NA,NA,NA,NA,NA,"38.494",NA,NA,NA,NA,NA
"Great Britain","Silverstone Circuit, Great Britain",1994,"10 Jul 1994","Mark","Blundell",4,"Tyrrell Yamaha","NC",11,20,0,NA,NA,NA,"1:28.659",NA,"1:26.920",22,2,16,19,NA,NA,NA,NA,"40.720","4:01.559",NA,NA,NA,NA
"Great Britain","Silverstone Circuit, Great Britain",1994,"10 Jul 1994","Erik","Comas",20,"Larrousse Ford","NC",22,12,0,NA,NA,NA,"1:31.741",NA,"1:28.519",23,NA,NA,NA,NA,NA,NA,NA,NA,NA,NA,NA,NA,NA
"Great Britain","Silverstone Circuit, Great Britain",1994,"10 Jul 1994","Andrea","deCesaris",29,"Sauber Mercedes","NC",18,11,0,NA,NA,NA,"1:32.368",NA,"1:28.212",22,NA,NA,NA,NA,NA,NA,NA,NA,NA,NA,NA,NA,NA
"Great Britain","Silverstone Circuit, Great Britain",1994,"10 Jul 1994","Gianni","Morbidelli",10,"Footwork Ford","NC",16,5,0,NA,NA,NA,"1:30.587",NA,"1:27.886",24,NA,NA,NA,NA,NA,NA,NA,NA,NA,NA,NA,NA,NA
"Great Britain","Silverstone Circuit, Great Britain",1994,"10 Jul 1994","Alessandro","Zanardi",11,"Lotus Mugen Honda","NC",19,4,0,NA,NA,NA,"1:34.266",NA,"1:28.225",24,NA,NA,NA,NA,NA,NA,NA,NA,NA,NA,NA,NA,NA
"Great Britain","Silverstone Circuit, Great Britain",1994,"10 Jul 1994","Martin","Brundle",8,"McLaren Peugeot","NC",9,0,0,NA,NA,NA,NA,NA,"1:26.768",24,NA,NA,NA,NA,NA,NA,NA,NA,NA,NA,NA,NA,NA
"Great Britain","Silverstone Circuit, Great Britain",1994,"10 Jul 1994","Eddie","Irvine",15,"Jordan Hart","NC",12,0,0,NA,NA,NA,NA,NA,"1:27.065",23,NA,NA,NA,NA,NA,NA,NA,NA,NA,NA,NA,NA,NA
"Germany","Hockenheimring, Germany",1994,"31 Jul 1994","Gerhard","Berger",28,"Ferrari","1",1,45,10,"1:22:37.272",NA,NA,"1:47.544",NA,"1:43.582",14,NA,NA,NA,NA,NA,NA,NA,NA,NA,NA,NA,NA,NA
"Germany","Hockenheimring, Germany",1994,"31 Jul 1994","Olivier","Panis",26,"Ligier Renault","2",12,45,6,"1:23:32.051","54.779","54.779000043869","1:49.253",NA,"1:46.165",18,1,22,NA,NA,NA,NA,NA,"30.921",NA,NA,NA,NA,NA
"Germany","Hockenheimring, Germany",1994,"31 Jul 1994","Eric","Bernard",25,"Ligier Renault","3",14,45,4,"1:23:42.314","65.042","10.2629997730255","1:49.459",NA,"1:46.290",20,1,23,NA,NA,NA,NA,NA,"31.625",NA,NA,NA,NA,NA
"Germany","Hockenheimring, Germany",1994,"31 Jul 1994","Christian","Fittipaldi",9,"Footwork Ford","4",17,45,3,"1:23:58.881","81.609","16.5670001506805","1:49.982",NA,"1:47.102",21,1,22,NA,NA,NA,NA,NA,"32.285",NA,NA,NA,NA,NA
"Germany","Hockenheimring, Germany",1994,"31 Jul 1994","Gianni","Morbidelli",10,"Footwork Ford","5",16,45,2,"1:24:07.815","90.544","8.93400001525879","1:49.981",NA,"1:46.817",21,2,14,29,NA,NA,NA,NA,"33.080","29.366",NA,NA,NA,NA
"Germany","Hockenheimring, Germany",1994,"31 Jul 1994","Erik","Comas",20,"Larrousse Ford","6",22,45,1,"1:24:22.717","105.445","14.9019999504089","1:50.409",NA,"1:48.229",24,1,21,NA,NA,NA,NA,NA,"37.739",NA,NA,NA,NA,NA
"Germany","Hockenheimring, Germany",1994,"31 Jul 1994","Olivier","Beretta",19,"Larrousse Ford","7",24,44,0,"1","1","1","1:50.466",NA,"1:48.681",24,1,19,NA,NA,NA,NA,NA,"34.628",NA,NA,NA,NA,NA
"Germany","Hockenheimring, Germany",1994,"31 Jul 1994","Damon","Hill",0,"Williams Renault","8",3,44,0,"1","1","1","1:46.303",NA,"1:44.026",22,2,1,22,NA,NA,NA,NA,"3:12.227","31.181",NA,NA,NA,NA
"Germany","Hockenheimring, Germany",1994,"31 Jul 1994","Jean-Marc","Gounon",32,"Simtek Ford","NC",26,39,0,NA,NA,NA,"1:52.023",NA,"1:49.204",15,1,22,NA,NA,NA,NA,NA,"1:00.392",NA,NA,NA,NA,NA
"Germany","Hockenheimring, Germany",1994,"31 Jul 1994","David","Brabham",31,"Simtek Ford","NC",25,37,0,NA,NA,NA,"1:52.364",NA,"1:48.870",19,1,21,NA,NA,NA,NA,NA,"43.953",NA,NA,NA,NA,NA
"Germany","Hockenheimring, Germany",1994,"31 Jul 1994","Michael","Schumacher",5,"Benetton Ford","NC",4,20,0,NA,NA,NA,"1:47.103",NA,"1:44.268",15,1,12,NA,NA,NA,NA,NA,"30.019",NA,NA,NA,NA,NA
"Germany","Hockenheimring, Germany",1994,"31 Jul 1994","Martin","Brundle",8,"McLaren Peugeot","NC",13,19,0,NA,NA,NA,"1:48.329",NA,"1:46.218",22,1,12,NA,NA,NA,NA,NA,"28.948",NA,NA,NA,NA,NA
"Germany","Hockenheimring, Germany",1994,"31 Jul 1994","David","Coulthard",2,"Williams Renault","NC",6,17,0,NA,NA,NA,"1:46.211",NA,"1:45.146",23,2,1,16,NA,NA,NA,NA,"1:35.916","2:09.563",NA,NA,NA,NA
"Germany","Hockenheimring, Germany",1994,"31 Jul 1994","Jos","Verstappen",6,"Benetton Ford","NC",19,15,0,NA,NA,NA,"1:49.219",NA,"1:47.316",11,NA,NA,NA,NA,NA,NA,NA,NA,NA,NA,NA,NA,NA
"Germany","Hockenheimring, Germany",1994,"31 Jul 1994","Ukyo","Katayama",3,"Tyrrell Yamaha","NC",5,6,0,NA,NA,NA,"1:49.966",NA,"1:44.718",19,NA,NA,NA,NA,NA,NA,NA,NA,NA,NA,NA,NA,NA
"Germany","Hockenheimring, Germany",1994,"31 Jul 1994","Mark","Blundell",4,"Tyrrell Yamaha","NC",7,0,0,NA,NA,NA,NA,NA,"1:45.474",21,NA,NA,NA,NA,NA,NA,NA,NA,NA,NA,NA,NA,NA
"Germany","Hockenheimring, Germany",1994,"31 Jul 1994","Mika","Hakkinen",7,"McLaren Peugeot","NC",8,0,0,NA,NA,NA,NA,NA,"1:45.487",17,NA,NA,NA,NA,NA,NA,NA,NA,NA,NA,NA,NA,NA
"Germany","Hockenheimring, Germany",1994,"31 Jul 1994","Alessandro","Zanardi",11,"Lotus Mugen Honda","NC",21,0,0,NA,NA,NA,NA,NA,"1:47.425",24,NA,NA,NA,NA,NA,NA,NA,NA,NA,NA,NA,NA,NA
"Germany","Hockenheimring, Germany",1994,"31 Jul 1994","Johnny","Herbert",12,"Lotus Mugen Honda","NC",15,0,0,NA,NA,NA,NA,NA,"1:46.630",13,NA,NA,NA,NA,NA,NA,NA,NA,NA,NA,NA,NA,NA
"Germany","Hockenheimring, Germany",1994,"31 Jul 1994","Rubens","Barrichello",14,"Jordan Hart","NC",11,0,0,NA,NA,NA,NA,NA,"1:45.939",23,NA,NA,NA,NA,NA,NA,NA,NA,NA,NA,NA,NA,NA
"Germany","Hockenheimring, Germany",1994,"31 Jul 1994","Eddie","Irvine",15,"Jordan Hart","NC",10,0,0,NA,NA,NA,NA,NA,"1:45.911",23,NA,NA,NA,NA,NA,NA,NA,NA,NA,NA,NA,NA,NA
"Germany","Hockenheimring, Germany",1994,"31 Jul 1994","Pierluigi","Martini",23,"Minardi Ford","NC",20,0,0,NA,NA,NA,NA,NA,"1:47.402",22,NA,NA,NA,NA,NA,NA,NA,NA,NA,NA,NA,NA,NA
"Germany","Hockenheimring, Germany",1994,"31 Jul 1994","Michele","Alboreto",24,"Minardi Ford","NC",23,0,0,NA,NA,NA,NA,NA,"1:48.295",21,NA,NA,NA,NA,NA,NA,NA,NA,NA,NA,NA,NA,NA
"Germany","Hockenheimring, Germany",1994,"31 Jul 1994","Jean","Alesi",27,"Ferrari","NC",2,0,0,NA,NA,NA,NA,NA,"1:44.012",16,NA,NA,NA,NA,NA,NA,NA,NA,NA,NA,NA,NA,NA
"Germany","Hockenheimring, Germany",1994,"31 Jul 1994","Andrea","deCesaris",29,"Sauber Mercedes","NC",18,0,0,NA,NA,NA,NA,NA,"1:47.235",20,NA,NA,NA,NA,NA,NA,NA,NA,NA,NA,NA,NA,NA
"Germany","Hockenheimring, Germany",1994,"31 Jul 1994","Heinz-Harald","Frentzen",30,"Sauber Mercedes","NC",9,0,0,NA,NA,NA,NA,NA,"1:45.893",17,NA,NA,NA,NA,NA,NA,NA,NA,NA,NA,NA,NA,NA
"Hungary","Hungaroring, Hungary",1994,"14 Aug 1994","Michael","Schumacher",5,"Benetton Ford","1",1,77,10,"1:48:00.185",NA,NA,"1:20.881",NA,"1:18.258",21,3,17,37,58,NA,NA,NA,"28.195","29.269","27.962",NA,NA,NA
"Hungary","Hungaroring, Hungary",1994,"14 Aug 1994","Damon","Hill",0,"Williams Renault","2",2,77,6,"1:48:21.011","20.827","20.8259999752045","1:21.520",NA,"1:18.824",23,2,25,51,NA,NA,NA,NA,"32.050","28.944",NA,NA,NA,NA
"Hungary","Hungaroring, Hungary",1994,"14 Aug 1994","Jos","Verstappen",6,"Benetton Ford","3",12,77,4,"1:49:10.513","70.329","49.5020000934601","1:23.021",NA,"1:21.141",14,2,25,51,NA,NA,NA,NA,"29.122","29.357",NA,NA,NA,NA
"Hungary","Hungaroring, Hungary",1994,"14 Aug 1994","Martin","Brundle",8,"McLaren Peugeot","4",6,76,3,NA,NA,NA,"1:22.739",NA,"1:20.629",22,2,19,47,NA,NA,NA,NA,"30.235","29.763",NA,NA,NA,NA
"Hungary","Hungaroring, Hungary",1994,"14 Aug 1994","Mark","Blundell",4,"Tyrrell Yamaha","5",11,76,2,"1","1","1","1:23.964",NA,"1:20.984",24,1,33,NA,NA,NA,NA,NA,"38.308",NA,NA,NA,NA,NA
"Hungary","Hungaroring, Hungary",1994,"14 Aug 1994","Olivier","Panis",26,"Ligier Renault","6",9,76,1,"1","1","1","1:23.466",NA,"1:20.929",23,2,27,50,NA,NA,NA,NA,"29.921","30.934",NA,NA,NA,NA
"Hungary","Hungaroring, Hungary",1994,"14 Aug 1994","Michele","Alboreto",24,"Minardi Ford","7",20,75,0,"2","2","2","1:23.697",NA,"1:22.379",22,2,29,54,NA,NA,NA,NA,"44.556","",NA,NA,NA,NA
"Hungary","Hungaroring, Hungary",1994,"14 Aug 1994","Erik","Comas",20,"Larrousse Ford","8",21,75,0,"2","2","2","1:24.012",NA,"1:22.487",24,2,16,41,NA,NA,NA,NA,"31.534","31.231",NA,NA,NA,NA
"Hungary","Hungaroring, Hungary",1994,"14 Aug 1994","Olivier","Beretta",19,"Larrousse Ford","9",25,75,0,"2","2","2","1:24.130",NA,"1:22.899",24,2,19,45,NA,NA,NA,NA,"31.445","31.762",NA,NA,NA,NA
"Hungary","Hungaroring, Hungary",1994,"14 Aug 1994","Eric","Bernard",25,"Ligier Renault","10",18,75,0,"2","2","2","1:24.442",NA,"1:22.038",22,1,38,NA,NA,NA,NA,NA,"32.248",NA,NA,NA,NA,NA
"Hungary","Hungaroring, Hungary",1994,"14 Aug 1994","David","Brabham",31,"Simtek Ford","11",23,74,0,"3","3","3","1:25.137",NA,"1:22.614",24,2,25,51,NA,NA,NA,NA,"35.814","37.077",NA,NA,NA,NA
"Hungary","Hungaroring, Hungary",1994,"14 Aug 1994","Gerhard","Berger",28,"Ferrari","12",4,72,0,NA,NA,NA,"1:22.490",NA,"1:20.219",22,1,32,NA,NA,NA,NA,NA,"31.679",NA,NA,NA,NA,NA
"Hungary","Hungaroring, Hungary",1994,"14 Aug 1994","Alessandro","Zanardi",11,"Lotus Mugen Honda","13",22,72,0,"5","5","5","1:25.151",NA,"1:22.513",22,3,5,9,36,NA,NA,NA,"49.113","2:47.323","32.057",NA,NA,NA
"Hungary","Hungaroring, Hungary",1994,"14 Aug 1994","Christian","Fittipaldi",9,"Footwork Ford","14",16,69,0,NA,NA,NA,"1:23.909",NA,"1:21.873",22,1,37,NA,NA,NA,NA,NA,"31.411",NA,NA,NA,NA,NA
"Hungary","Hungaroring, Hungary",1994,"14 Aug 1994","David","Coulthard",2,"Williams Renault","NC",3,59,0,NA,NA,NA,"1:22.471",NA,"1:20.205",14,2,20,48,NA,NA,NA,NA,"29.945","29.973",NA,NA,NA,NA
"Hungary","Hungaroring, Hungary",1994,"14 Aug 1994","Jean","Alesi",27,"Ferrari","NC",13,58,0,NA,NA,NA,"1:23.023",NA,"1:21.206",23,2,24,51,NA,NA,NA,NA,"31.508","31.067",NA,NA,NA,NA
"Hungary","Hungaroring, Hungary",1994,"14 Aug 1994","Pierluigi","Martini",23,"Minardi Ford","NC",15,58,0,NA,NA,NA,"1:24.146",NA,"1:21.837",16,2,26,50,NA,NA,NA,NA,"31.837","29.529",NA,NA,NA,NA
"Hungary","Hungaroring, Hungary",1994,"14 Aug 1994","Heinz-Harald","Frentzen",30,"Sauber Mercedes","NC",8,39,0,NA,NA,NA,"1:23.509",NA,"1:20.858",24,1,26,NA,NA,NA,NA,NA,"31.201",NA,NA,NA,NA,NA
"Hungary","Hungaroring, Hungary",1994,"14 Aug 1994","Johnny","Herbert",12,"Lotus Mugen Honda","NC",24,34,0,NA,NA,NA,"1:25.850",NA,"1:22.705",24,NA,NA,NA,NA,NA,NA,NA,NA,NA,NA,NA,NA,NA
"Hungary","Hungaroring, Hungary",1994,"14 Aug 1994","Andrea","deCesaris",29,"Sauber Mercedes","NC",17,30,0,NA,NA,NA,"1:24.686",NA,"1:21.946",24,1,16,NA,NA,NA,NA,NA,"30.407",NA,NA,NA,NA,NA
"Hungary","Hungaroring, Hungary",1994,"14 Aug 1994","Gianni","Morbidelli",10,"Footwork Ford","NC",19,30,0,NA,NA,NA,"1:24.704",NA,"1:22.311",15,1,20,NA,NA,NA,NA,NA,"31.414",NA,NA,NA,NA,NA
"Hungary","Hungaroring, Hungary",1994,"14 Aug 1994","Philippe","Alliot",7,"McLaren Peugeot","NC",14,21,0,NA,NA,NA,"1:24.609",NA,"1:21.498",20,1,21,NA,NA,NA,NA,NA,"",NA,NA,NA,NA,NA
"Hungary","Hungaroring, Hungary",1994,"14 Aug 1994","Jean-Marc","Gounon",32,"Simtek Ford","NC",26,9,0,NA,NA,NA,"1:26.616",NA,"1:24.191",20,1,9,NA,NA,NA,NA,NA,"",NA,NA,NA,NA,NA
"Hungary","Hungaroring, Hungary",1994,"14 Aug 1994","Ukyo","Katayama",3,"Tyrrell Yamaha","NC",5,0,0,NA,NA,NA,NA,NA,"1:20.232",23,NA,NA,NA,NA,NA,NA,NA,NA,NA,NA,NA,NA,NA
"Hungary","Hungaroring, Hungary",1994,"14 Aug 1994","Rubens","Barrichello",14,"Jordan Hart","NC",10,0,0,NA,NA,NA,NA,NA,"1:20.952",24,NA,NA,NA,NA,NA,NA,NA,NA,NA,NA,NA,NA,NA
"Hungary","Hungaroring, Hungary",1994,"14 Aug 1994","Eddie","Irvine",15,"Jordan Hart","NC",7,0,0,NA,NA,NA,NA,NA,"1:20.698",23,NA,NA,NA,NA,NA,NA,NA,NA,NA,NA,NA,NA,NA
"Belgium","Circuit de Spa-Francorchamps, Belgium",1994,"28 Aug 1994","Damon","Hill",0,"Williams Renault","1",3,44,10,"1:28:47.170",NA,NA,"1:57.117",NA,"2:21.681",19,2,12,28,NA,NA,NA,NA,"36.242","34.558",NA,NA,NA,NA
"Belgium","Circuit de Spa-Francorchamps, Belgium",1994,"28 Aug 1994","Mika","Hakkinen",7,"McLaren Peugeot","2",8,44,6,"1:29:38.551","51.381","51.3810000419617","1:59.359",NA,"2:22.441",18,2,11,25,NA,NA,NA,NA,"34.784","36.257",NA,NA,NA,NA
"Belgium","Circuit de Spa-Francorchamps, Belgium",1994,"28 Aug 1994","Jos","Verstappen",6,"Benetton Ford","3",6,44,4,"1:29:57.623","70.453","19.0719997882843","1:59.001",NA,"2:22.218",15,2,15,30,NA,NA,NA,NA,"35.783","35.274",NA,NA,NA,NA
"Belgium","Circuit de Spa-Francorchamps, Belgium",1994,"28 Aug 1994","David","Coulthard",2,"Williams Renault","4",7,44,3,"1:30:32.957","105.787","35.3340001106262","1:57.793",NA,"2:22.359",19,3,13,29,37,NA,NA,NA,"35.897","34.633","48.562",NA,NA,NA
"Belgium","Circuit de Spa-Francorchamps, Belgium",1994,"28 Aug 1994","Mark","Blundell",4,"Tyrrell Yamaha","5",12,43,2,"1","1","1","1:59.031",NA,"2:24.048",14,2,11,28,NA,NA,NA,NA,"34.487","34.699",NA,NA,NA,NA
"Belgium","Circuit de Spa-Francorchamps, Belgium",1994,"28 Aug 1994","Gianni","Morbidelli",10,"Footwork Ford","6",14,43,1,"1","1","1","2:01.295",NA,"2:25.114",19,1,20,NA,NA,NA,NA,NA,"39.310",NA,NA,NA,NA,NA
"Belgium","Circuit de Spa-Francorchamps, Belgium",1994,"28 Aug 1994","Olivier","Panis",26,"Ligier Renault","7",17,43,0,"1","1","1","1:59.502",NA,"2:26.079",17,2,17,31,NA,NA,NA,NA,"39.089","52.678",NA,NA,NA,NA
"Belgium","Circuit de Spa-Francorchamps, Belgium",1994,"28 Aug 1994","Pierluigi","Martini",23,"Minardi Ford","8",10,43,0,"1","1","1","2:02.298",NA,"2:23.326",14,2,14,28,NA,NA,NA,NA,"35.734","34.592",NA,NA,NA,NA
"Belgium","Circuit de Spa-Francorchamps, Belgium",1994,"28 Aug 1994","Michele","Alboreto",24,"Minardi Ford","9",18,43,0,"1","1","1","2:01.209",NA,"2:26.738",14,2,15,31,NA,NA,NA,NA,"35.548","41.005",NA,NA,NA,NA
"Belgium","Circuit de Spa-Francorchamps, Belgium",1994,"28 Aug 1994","Eric","Bernard",25,"Ligier Renault","10",16,42,0,"2","2","2","2:02.665",NA,"2:26.044",18,2,16,29,NA,NA,NA,NA,"35.376","34.004",NA,NA,NA,NA
"Belgium","Circuit de Spa-Francorchamps, Belgium",1994,"28 Aug 1994","Jean-Marc","Gounon",32,"Simtek Ford","11",25,42,0,"2","2","2","2:04.732",NA,"2:31.755",10,1,22,NA,NA,NA,NA,NA,"41.997",NA,NA,NA,NA,NA
"Belgium","Circuit de Spa-Francorchamps, Belgium",1994,"28 Aug 1994","Johnny","Herbert",12,"Lotus Mugen Honda","12",20,41,0,"3","3","3","2:00.605",NA,"2:27.155",16,3,6,15,29,NA,NA,NA,"3:15.071","34.067","34.397",NA,NA,NA
"Belgium","Circuit de Spa-Francorchamps, Belgium",1994,"28 Aug 1994","Eddie","Irvine",15,"Jordan Hart","13",4,40,0,NA,NA,NA,"2:00.353",NA,"2:22.074",11,2,15,30,NA,NA,NA,NA,"35.083","35.189",NA,NA,NA,NA
"Belgium","Circuit de Spa-Francorchamps, Belgium",1994,"28 Aug 1994","Christian","Fittipaldi",9,"Footwork Ford","NC",24,33,0,NA,NA,NA,"2:01.653",NA,"2:30.931",12,2,10,24,NA,NA,NA,NA,"36.229","49.208",NA,NA,NA,NA
"Belgium","Circuit de Spa-Francorchamps, Belgium",1994,"28 Aug 1994","David","Brabham",31,"Simtek Ford","NC",21,29,0,NA,NA,NA,"2:06.145",NA,"2:27.212",14,2,15,29,NA,NA,NA,NA,"40.119","40.549",NA,NA,NA,NA
"Belgium","Circuit de Spa-Francorchamps, Belgium",1994,"28 Aug 1994","Andrea","deCesaris",29,"Sauber Mercedes","NC",15,27,0,NA,NA,NA,"2:03.501",NA,"2:25.695",18,1,17,NA,NA,NA,NA,NA,"41.120",NA,NA,NA,NA,NA
"Belgium","Circuit de Spa-Francorchamps, Belgium",1994,"28 Aug 1994","Martin","Brundle",8,"McLaren Peugeot","NC",13,24,0,NA,NA,NA,"1:58.839",NA,"2:24.117",15,1,12,NA,NA,NA,NA,NA,"35.369",NA,NA,NA,NA,NA
"Belgium","Circuit de Spa-Francorchamps, Belgium",1994,"28 Aug 1994","Rubens","Barrichello",14,"Jordan Hart","NC",1,19,0,NA,NA,NA,"1:59.527",NA,"2:21.163",9,1,18,NA,NA,NA,NA,NA,"38.774",NA,NA,NA,NA,NA
"Belgium","Circuit de Spa-Francorchamps, Belgium",1994,"28 Aug 1994","Ukyo","Katayama",3,"Tyrrell Yamaha","NC",23,18,0,NA,NA,NA,"2:00.531",NA,"2:28.979",13,1,14,NA,NA,NA,NA,NA,"35.599",NA,NA,NA,NA,NA
"Belgium","Circuit de Spa-Francorchamps, Belgium",1994,"28 Aug 1994","Philippe","Adams",11,"Lotus Mugen Honda","NC",26,15,0,NA,NA,NA,"2:06.759",NA,"2:33.885",20,NA,NA,NA,NA,NA,NA,NA,NA,NA,NA,NA,NA,NA
"Belgium","Circuit de Spa-Francorchamps, Belgium",1994,"28 Aug 1994","Gerhard","Berger",28,"Ferrari","NC",11,11,0,NA,NA,NA,"2:00.372",NA,"2:23.895",12,NA,NA,NA,NA,NA,NA,NA,NA,NA,NA,NA,NA,NA
"Belgium","Circuit de Spa-Francorchamps, Belgium",1994,"28 Aug 1994","Philippe","Alliot",19,"Larrousse Ford","NC",19,11,0,NA,NA,NA,"2:06.157",NA,"2:26.901",19,NA,NA,NA,NA,NA,NA,NA,NA,NA,NA,NA,NA,NA
"Belgium","Circuit de Spa-Francorchamps, Belgium",1994,"28 Aug 1994","Heinz-Harald","Frentzen",30,"Sauber Mercedes","NC",9,10,0,NA,NA,NA,"2:00.068",NA,"2:22.634",20,NA,NA,NA,NA,NA,NA,NA,NA,NA,NA,NA,NA,NA
"Belgium","Circuit de Spa-Francorchamps, Belgium",1994,"28 Aug 1994","Erik","Comas",20,"Larrousse Ford","NC",22,3,0,NA,NA,NA,"2:07.153",NA,"2:28.156",19,NA,NA,NA,NA,NA,NA,NA,NA,NA,NA,NA,NA,NA
"Belgium","Circuit de Spa-Francorchamps, Belgium",1994,"28 Aug 1994","Jean","Alesi",27,"Ferrari","NC",5,2,0,NA,NA,NA,"2:02.587",NA,"2:22.202",20,NA,NA,NA,NA,NA,NA,NA,NA,NA,NA,NA,NA,NA
"Italy","Autodromo Nazionale Monza, Italy",1994,"11 Sep 1994","Damon","Hill",0,"Williams Renault","1",3,53,10,"1:18:02.754",NA,NA,"1:25.930",NA,"1:24.158",21,1,25,NA,NA,NA,NA,NA,"25.445",NA,NA,NA,NA,NA
"Italy","Autodromo Nazionale Monza, Italy",1994,"11 Sep 1994","Gerhard","Berger",28,"Ferrari","2",2,53,6,"1:18:07.684","4.930","4.9300000667572","1:26.541",NA,"1:23.978",24,1,24,NA,NA,NA,NA,NA,"29.759",NA,NA,NA,NA,NA
"Italy","Autodromo Nazionale Monza, Italy",1994,"11 Sep 1994","Mika","Hakkinen",7,"McLaren Peugeot","3",7,53,4,"1:18:28.394","25.640","20.710000038147","1:27.432",NA,"1:25.528",24,1,27,NA,NA,NA,NA,NA,"25.453",NA,NA,NA,NA,NA
"Italy","Autodromo Nazionale Monza, Italy",1994,"11 Sep 1994","Rubens","Barrichello",14,"Jordan Hart","4",16,53,3,"1:18:53.388","50.634","24.9939999580383","1:27.449",NA,"1:25.946",20,1,23,NA,NA,NA,NA,NA,"26.614",NA,NA,NA,NA,NA
"Italy","Autodromo Nazionale Monza, Italy",1994,"11 Sep 1994","Martin","Brundle",8,"McLaren Peugeot","5",15,53,2,"1:19:28.328","85.575","34.9400000572205","1:28.185",NA,"1:25.933",23,1,24,NA,NA,NA,NA,NA,"25.674",NA,NA,NA,NA,NA
"Italy","Autodromo Nazionale Monza, Italy",1994,"11 Sep 1994","David","Coulthard",2,"Williams Renault","6",5,52,1,NA,NA,NA,"1:26.607",NA,"1:24.502",21,1,26,NA,NA,NA,NA,NA,"24.417",NA,NA,NA,NA,NA
"Italy","Autodromo Nazionale Monza, Italy",1994,"11 Sep 1994","Eric","Bernard",25,"Ligier Renault","7",12,52,0,"1","1","1","1:27.488",NA,"1:25.718",20,1,26,NA,NA,NA,NA,NA,"25.045",NA,NA,NA,NA,NA
"Italy","Autodromo Nazionale Monza, Italy",1994,"11 Sep 1994","Erik","Comas",20,"Larrousse Ford","8",24,52,0,"1","1","1","1:28.571",NA,"1:27.894",15,1,26,NA,NA,NA,NA,NA,"26.857",NA,NA,NA,NA,NA
"Italy","Autodromo Nazionale Monza, Italy",1994,"11 Sep 1994","Jyrki","Jarvilehto",5,"Benetton Ford","9",20,52,0,"1","1","1","1:28.072",NA,"1:26.384",24,3,17,24,34,NA,NA,NA,"26.65","30.33","24.438",NA,NA,NA
"Italy","Autodromo Nazionale Monza, Italy",1994,"11 Sep 1994","Olivier","Panis",26,"Ligier Renault","10",6,51,0,"2","2","2","1:26.630",NA,"1:25.455",23,3,1,23,38,NA,NA,NA,"50.948","48.717","24.266",NA,NA,NA
"Italy","Autodromo Nazionale Monza, Italy",1994,"11 Sep 1994","David","Brabham",31,"Simtek Ford","NC",26,46,0,NA,NA,NA,"1:30.036",NA,"1:28.619",17,1,23,NA,NA,NA,NA,NA,"30.799",NA,NA,NA,NA,NA
"Italy","Autodromo Nazionale Monza, Italy",1994,"11 Sep 1994","Ukyo","Katayama",3,"Tyrrell Yamaha","NC",14,45,0,NA,NA,NA,"1:26.702",NA,"1:25.889",23,2,12,34,NA,NA,NA,NA,"41.443","22.108",NA,NA,NA,NA
"Italy","Autodromo Nazionale Monza, Italy",1994,"11 Sep 1994","Christian","Fittipaldi",9,"Footwork Ford","NC",19,43,0,NA,NA,NA,"1:28.133",NA,"1:26.337",24,1,30,NA,NA,NA,NA,NA,"25.005",NA,NA,NA,NA,NA
"Italy","Autodromo Nazionale Monza, Italy",1994,"11 Sep 1994","Eddie","Irvine",15,"Jordan Hart","NC",9,41,0,NA,NA,NA,"1:28.312",NA,"1:25.568",12,1,26,NA,NA,NA,NA,NA,"27.798",NA,NA,NA,NA,NA
"Italy","Autodromo Nazionale Monza, Italy",1994,"11 Sep 1994","Mark","Blundell",4,"Tyrrell Yamaha","NC",21,39,0,NA,NA,NA,"1:26.663",NA,"1:26.574",18,2,10,32,NA,NA,NA,NA,"36.649","22.72",NA,NA,NA,NA
"Italy","Autodromo Nazionale Monza, Italy",1994,"11 Sep 1994","Pierluigi","Martini",23,"Minardi Ford","NC",18,30,0,NA,NA,NA,"1:28.473",NA,"1:26.056",14,1,24,NA,NA,NA,NA,NA,"25.719",NA,NA,NA,NA,NA
"Italy","Autodromo Nazionale Monza, Italy",1994,"11 Sep 1994","Michele","Alboreto",24,"Minardi Ford","NC",22,28,0,NA,NA,NA,"1:28.956",NA,"1:26.832",17,1,26,NA,NA,NA,NA,NA,"30.023",NA,NA,NA,NA,NA
"Italy","Autodromo Nazionale Monza, Italy",1994,"11 Sep 1994","Heinz-Harald","Frentzen",30,"Sauber Mercedes","NC",11,22,0,NA,NA,NA,"1:27.786",NA,"1:25.628",20,NA,NA,NA,NA,NA,NA,NA,NA,NA,NA,NA,NA,NA
"Italy","Autodromo Nazionale Monza, Italy",1994,"11 Sep 1994","Andrea","deCesaris",29,"Sauber Mercedes","NC",8,20,0,NA,NA,NA,"1:28.411",NA,"1:25.540",23,NA,NA,NA,NA,NA,NA,NA,NA,NA,NA,NA,NA,NA
"Italy","Autodromo Nazionale Monza, Italy",1994,"11 Sep 1994","Jean-Marc","Gounon",32,"Simtek Ford","NC",25,20,0,NA,NA,NA,"1:30.479",NA,"1:28.353",23,NA,NA,NA,NA,NA,NA,NA,NA,NA,NA,NA,NA,NA
"Italy","Autodromo Nazionale Monza, Italy",1994,"11 Sep 1994","Yannick","Dalmas",19,"Larrousse Ford","NC",23,18,0,NA,NA,NA,"1:29.485",NA,"1:27.846",21,NA,NA,NA,NA,NA,NA,NA,NA,NA,NA,NA,NA,NA
"Italy","Autodromo Nazionale Monza, Italy",1994,"11 Sep 1994","Jean","Alesi",27,"Ferrari","NC",1,14,0,NA,NA,NA,"1:26.279",NA,"1:23.844",19,NA,NA,NA,NA,NA,NA,NA,NA,NA,NA,NA,NA,NA
"Italy","Autodromo Nazionale Monza, Italy",1994,"11 Sep 1994","Johnny","Herbert",12,"Lotus Mugen Honda","NC",4,13,0,NA,NA,NA,"1:28.871",NA,"1:24.374",23,NA,NA,NA,NA,NA,NA,NA,NA,NA,NA,NA,NA,NA
"Italy","Autodromo Nazionale Monza, Italy",1994,"11 Sep 1994","Jos","Verstappen",6,"Benetton Ford","NC",10,0,0,NA,NA,NA,NA,NA,"1:25.618",18,NA,NA,NA,NA,NA,NA,NA,NA,NA,NA,NA,NA,NA
"Italy","Autodromo Nazionale Monza, Italy",1994,"11 Sep 1994","Gianni","Morbidelli",10,"Footwork Ford","NC",17,0,0,NA,NA,NA,NA,NA,"1:26.002",24,NA,NA,NA,NA,NA,NA,NA,NA,NA,NA,NA,NA,NA
"Italy","Autodromo Nazionale Monza, Italy",1994,"11 Sep 1994","Alessandro","Zanardi",11,"Lotus Mugen Honda","NC",13,0,0,NA,NA,NA,NA,NA,"1:25.733",23,NA,NA,NA,NA,NA,NA,NA,NA,NA,NA,NA,NA,NA
"Portugal","Autódromo do Estoril, Portugal",1994,"25 Sep 1994","Damon","Hill",0,"Williams Renault","1",2,71,10,"1:41:10.165",NA,NA,"1:22.997",NA,"1:20.766",22,2,19,47,NA,NA,NA,NA,"28.465","27.117",NA,NA,NA,NA
"Portugal","Autódromo do Estoril, Portugal",1994,"25 Sep 1994","David","Coulthard",2,"Williams Renault","2",3,71,6,"1:41:10.767","0.603","0.601999998092651","1:22.446",NA,"1:21.033",20,2,18,46,NA,NA,NA,NA,"29.263","28.622",NA,NA,NA,NA
"Portugal","Autódromo do Estoril, Portugal",1994,"25 Sep 1994","Mika","Hakkinen",7,"McLaren Peugeot","3",4,71,4,"1:41:30.358","20.193","19.5910000801086","1:23.819",NA,"1:21.251",16,2,23,47,NA,NA,NA,NA,"28.213","26.789",NA,NA,NA,NA
"Portugal","Autódromo do Estoril, Portugal",1994,"25 Sep 1994","Rubens","Barrichello",14,"Jordan Hart","4",8,71,3,"1:41:38.167","28.003","7.80900001525879","1:23.806",NA,"1:21.796",23,2,26,49,NA,NA,NA,NA,"29.139","27.789",NA,NA,NA,NA
"Portugal","Autódromo do Estoril, Portugal",1994,"25 Sep 1994","Jos","Verstappen",6,"Benetton Ford","5",10,71,2,"1:41:39.549","29.385","1.38199996948242","1:23.702",NA,"1:22.000",23,2,20,46,NA,NA,NA,NA,"27.124","28.578",NA,NA,NA,NA
"Portugal","Autódromo do Estoril, Portugal",1994,"25 Sep 1994","Martin","Brundle",8,"McLaren Peugeot","6",7,71,1,"1:42:02.866","52.702","23.316999912262","1:24.325",NA,"1:21.656",22,2,20,43,NA,NA,NA,NA,"27.62","28.179",NA,NA,NA,NA
"Portugal","Autódromo do Estoril, Portugal",1994,"25 Sep 1994","Eddie","Irvine",15,"Jordan Hart","7",13,70,0,"1","1","1","1:23.930",NA,"1:22.294",21,2,23,47,NA,NA,NA,NA,"28.351","29.026",NA,NA,NA,NA
"Portugal","Autódromo do Estoril, Portugal",1994,"25 Sep 1994","Christian","Fittipaldi",9,"Footwork Ford","8",11,70,0,"1","1","1","1:24.716",NA,"1:22.132",22,1,35,NA,NA,NA,NA,NA,"31.149",NA,NA,NA,NA,NA
"Portugal","Autódromo do Estoril, Portugal",1994,"25 Sep 1994","Gianni","Morbidelli",10,"Footwork Ford","9",16,70,0,"1","1","1","1:24.275",NA,"1:22.756",22,2,18,44,NA,NA,NA,NA,"30.45","29.698",NA,NA,NA,NA
"Portugal","Autódromo do Estoril, Portugal",1994,"25 Sep 1994","Eric","Bernard",25,"Ligier Renault","10",21,70,0,"1","1","1","1:24.069",NA,"1:23.699",21,2,22,45,NA,NA,NA,NA,"28.995","31.963",NA,NA,NA,NA
"Portugal","Autódromo do Estoril, Portugal",1994,"25 Sep 1994","Johnny","Herbert",12,"Lotus Mugen Honda","11",20,70,0,"1","1","1","1:24.748",NA,"1:23.408",12,2,22,47,NA,NA,NA,NA,"29.938","29.943",NA,NA,NA,NA
"Portugal","Autódromo do Estoril, Portugal",1994,"25 Sep 1994","Pierluigi","Martini",23,"Minardi Ford","12",18,69,0,"2","2","2","1:25.690",NA,"1:23.243",21,2,11,34,NA,NA,NA,NA,"57.255","28.444",NA,NA,NA,NA
"Portugal","Autódromo do Estoril, Portugal",1994,"25 Sep 1994","Michele","Alboreto",24,"Minardi Ford","13",19,69,0,"2","2","2","1:26.577",NA,"1:23.364",22,1,37,NA,NA,NA,NA,NA,"32.665",NA,NA,NA,NA,NA
"Portugal","Autódromo do Estoril, Portugal",1994,"25 Sep 1994","Yannick","Dalmas",19,"Larrousse Ford","14",23,69,0,"2","2","2","1:26.288",NA,"1:24.438",19,1,34,NA,NA,NA,NA,NA,"40.259",NA,NA,NA,NA,NA
"Portugal","Autódromo do Estoril, Portugal",1994,"25 Sep 1994","Jean-Marc","Gounon",32,"Simtek Ford","15",26,67,0,"4","4","4","1:26.192",NA,"1:25.649",19,3,24,47,65,NA,NA,NA,"32.034","32.759","41.585",NA,NA,NA
"Portugal","Autódromo do Estoril, Portugal",1994,"25 Sep 1994","Philippe","Adams",11,"Lotus Mugen Honda","16",25,67,0,"4","4","4","1:27.082",NA,"1:25.313",20,2,25,50,NA,NA,NA,NA,"32.074","30.434",NA,NA,NA,NA
"Portugal","Autódromo do Estoril, Portugal",1994,"25 Sep 1994","Mark","Blundell",4,"Tyrrell Yamaha","NC",12,61,0,NA,NA,NA,"1:24.564",NA,"1:22.288",23,2,19,47,NA,NA,NA,NA,"28.532","28.594",NA,NA,NA,NA
"Portugal","Autódromo do Estoril, Portugal",1994,"25 Sep 1994","Jyrki","Jarvilehto",5,"Benetton Ford","NC",14,60,0,NA,NA,NA,"1:24.728",NA,"1:22.369",22,2,24,48,NA,NA,NA,NA,"27.18","29.617",NA,NA,NA,NA
"Portugal","Autódromo do Estoril, Portugal",1994,"25 Sep 1994","Andrea","deCesaris",29,"Sauber Mercedes","NC",17,54,0,NA,NA,NA,"1:25.568",NA,"1:22.885",24,1,36,NA,NA,NA,NA,NA,"32.301",NA,NA,NA,NA,NA
"Portugal","Autódromo do Estoril, Portugal",1994,"25 Sep 1994","Jean","Alesi",27,"Ferrari","NC",5,38,0,NA,NA,NA,"1:23.236",NA,"1:21.517",13,1,23,NA,NA,NA,NA,NA,"29.084",NA,NA,NA,NA,NA
"Portugal","Autódromo do Estoril, Portugal",1994,"25 Sep 1994","David","Brabham",31,"Simtek Ford","NC",24,36,0,NA,NA,NA,"1:25.760",NA,"1:24.514",20,2,15,21,NA,NA,NA,NA,"45.367","31.92",NA,NA,NA,NA
"Portugal","Autódromo do Estoril, Portugal",1994,"25 Sep 1994","Heinz-Harald","Frentzen",30,"Sauber Mercedes","NC",9,31,0,NA,NA,NA,"1:24.550",NA,"1:21.921",13,NA,NA,NA,NA,NA,NA,NA,NA,NA,NA,NA,NA,NA
"Portugal","Autódromo do Estoril, Portugal",1994,"25 Sep 1994","Erik","Comas",20,"Larrousse Ford","NC",22,27,0,NA,NA,NA,"1:26.786",NA,"1:24.192",22,NA,NA,NA,NA,NA,NA,NA,NA,NA,NA,NA,NA,NA
"Portugal","Autódromo do Estoril, Portugal",1994,"25 Sep 1994","Ukyo","Katayama",3,"Tyrrell Yamaha","NC",6,26,0,NA,NA,NA,"1:23.419",NA,"1:21.590",14,1,21,NA,NA,NA,NA,NA,"30.411",NA,NA,NA,NA,NA
"Portugal","Autódromo do Estoril, Portugal",1994,"25 Sep 1994","Gerhard","Berger",28,"Ferrari","NC",1,7,0,NA,NA,NA,"1:22.935",NA,"1:20.608",19,NA,NA,NA,NA,NA,NA,NA,NA,NA,NA,NA,NA,NA
"Europe","Circuito Permanente de Jerez, Spain",1994,"16 Oct 1994","Michael","Schumacher",5,"Benetton Ford","1",1,69,10,"1:40:26.689",NA,NA,"1:25.040",NA,"1:22.762",17,3,15,33,52,NA,NA,NA,"25.796","25.577","26.934",NA,NA,NA
"Europe","Circuito Permanente de Jerez, Spain",1994,"16 Oct 1994","Damon","Hill",0,"Williams Renault","2",2,69,6,"1:40:51.377","24.689","24.688000202179","1:25.532",NA,"1:22.892",23,2,18,35,NA,NA,NA,NA,"26.953","26.977",NA,NA,NA,NA
"Europe","Circuito Permanente de Jerez, Spain",1994,"16 Oct 1994","Mika","Hakkinen",7,"McLaren Peugeot","3",9,69,4,"1:41:36.336","69.648","44.9589998722076","1:26.656",NA,"1:24.122",21,2,24,41,NA,NA,NA,NA,"23.777","26.411",NA,NA,NA,NA
"Europe","Circuito Permanente de Jerez, Spain",1994,"16 Oct 1994","Eddie","Irvine",15,"Jordan Hart","4",10,69,3,"1:41:45.134","78.446","8.79800009727478","1:26.259",NA,"1:24.157",21,2,25,49,NA,NA,NA,NA,"26.910","28.223",NA,NA,NA,NA
"Europe","Circuito Permanente de Jerez, Spain",1994,"16 Oct 1994","Gerhard","Berger",28,"Ferrari","5",6,68,2,"1","1","1","1:26.629",NA,"1:23.677",21,2,18,42,NA,NA,NA,NA,"27.074","28.426",NA,NA,NA,NA
"Europe","Circuito Permanente de Jerez, Spain",1994,"16 Oct 1994","Heinz-Harald","Frentzen",30,"Sauber Mercedes","6",4,68,1,"1","1","1","1:26.947",NA,"1:23.431",18,1,33,NA,NA,NA,NA,NA,"30.351",NA,NA,NA,NA,NA
"Europe","Circuito Permanente de Jerez, Spain",1994,"16 Oct 1994","Ukyo","Katayama",3,"Tyrrell Yamaha","7",13,68,0,"1","1","1","1:26.511",NA,"1:24.738",16,2,22,40,NA,NA,NA,NA,"27.022","27.541",NA,NA,NA,NA
"Europe","Circuito Permanente de Jerez, Spain",1994,"16 Oct 1994","Johnny","Herbert",25,"Ligier Renault","8",7,68,0,"1","1","1","1:27.040",NA,"1:24.040",23,2,18,41,NA,NA,NA,NA,"27.959","29.412",NA,NA,NA,NA
"Europe","Circuito Permanente de Jerez, Spain",1994,"16 Oct 1994","Olivier","Panis",26,"Ligier Renault","9",11,68,0,"1","1","1","1:26.613",NA,"1:24.432",21,2,24,43,NA,NA,NA,NA,"25.848","25.455",NA,NA,NA,NA
"Europe","Circuito Permanente de Jerez, Spain",1994,"16 Oct 1994","Jean","Alesi",27,"Ferrari","10",16,68,0,"1","1","1","1:26.410",NA,"1:25.182",11,2,20,43,NA,NA,NA,NA,"28.002","29.075",NA,NA,NA,NA
"Europe","Circuito Permanente de Jerez, Spain",1994,"16 Oct 1994","Gianni","Morbidelli",10,"Footwork Ford","11",8,68,0,"1","1","1","1:26.651",NA,"1:24.079",24,3,17,35,52,NA,NA,NA,"28.419","30.151","27.027",NA,NA,NA
"Europe","Circuito Permanente de Jerez, Spain",1994,"16 Oct 1994","Rubens","Barrichello",14,"Jordan Hart","12",5,68,0,"1","1","1","1:25.529",NA,"1:23.455",19,3,21,47,60,NA,NA,NA,"27.827","26.480","32.503",NA,NA,NA
"Europe","Circuito Permanente de Jerez, Spain",1994,"16 Oct 1994","Mark","Blundell",4,"Tyrrell Yamaha","13",14,68,0,"1","1","1","1:27.392",NA,"1:24.770",15,2,16,45,NA,NA,NA,NA,"29.698","28.339",NA,NA,NA,NA
"Europe","Circuito Permanente de Jerez, Spain",1994,"16 Oct 1994","Michele","Alboreto",24,"Minardi Ford","14",20,67,0,"2","2","2","1:27.952",NA,"1:25.511",23,3,16,34,52,NA,NA,NA,"32.024","31.449","28.946",NA,NA,NA
"Europe","Circuito Permanente de Jerez, Spain",1994,"16 Oct 1994","Pierluigi","Martini",23,"Minardi Ford","15",17,67,0,"2","2","2","1:28.551",NA,"1:25.294",23,2,23,45,NA,NA,NA,NA,"29.398","30.570",NA,NA,NA,NA
"Europe","Circuito Permanente de Jerez, Spain",1994,"16 Oct 1994","Alessandro","Zanardi",12,"Lotus Mugen Honda","16",21,67,0,"2","2","2","1:28.467",NA,"1:25.557",21,2,21,44,NA,NA,NA,NA,"28.502","28.268",NA,NA,NA,NA
"Europe","Circuito Permanente de Jerez, Spain",1994,"16 Oct 1994","Christian","Fittipaldi",9,"Footwork Ford","17",19,66,0,"3","3","3","1:27.030",NA,"1:25.427",24,4,1,12,31,48,NA,NA,"1:35.430","26.705","27.648","29.089",NA,NA
"Europe","Circuito Permanente de Jerez, Spain",1994,"16 Oct 1994","Eric","Bernard",11,"Lotus Mugen Honda","18",22,66,0,"3","3","3","1:29.147",NA,"1:25.595",23,2,23,46,NA,NA,NA,NA,"35.850","29.336",NA,NA,NA,NA
"Europe","Circuito Permanente de Jerez, Spain",1994,"16 Oct 1994","Domenico","Schiattarella",32,"Simtek Ford","19",26,64,0,"5","5","5","1:30.912",NA,"1:27.976",22,2,22,44,NA,NA,NA,NA,"36.760","36.380",NA,NA,NA,NA
"Europe","Circuito Permanente de Jerez, Spain",1994,"16 Oct 1994","Nigel","Mansell",2,"Williams Renault","NC",3,47,0,NA,NA,NA,"1:26.448",NA,"1:23.392",24,3,15,42,45,NA,NA,NA,"1:13.542","28.521","26.889",NA,NA,NA
"Europe","Circuito Permanente de Jerez, Spain",1994,"16 Oct 1994","David","Brabham",31,"Simtek Ford","NC",25,42,0,NA,NA,NA,"1:29.307",NA,"1:27.201",23,2,18,40,NA,NA,NA,NA,"34.177","32.099",NA,NA,NA,NA
"Europe","Circuito Permanente de Jerez, Spain",1994,"16 Oct 1994","Andrea","deCesaris",29,"Sauber Mercedes","NC",18,37,0,NA,NA,NA,"1:27.635",NA,"1:25.407",13,1,18,NA,NA,NA,NA,NA,"30.865",NA,NA,NA,NA,NA
"Europe","Circuito Permanente de Jerez, Spain",1994,"16 Oct 1994","Erik","Comas",20,"Larrousse Ford","NC",23,37,0,NA,NA,NA,"1:27.755",NA,"1:26.272",23,1,20,NA,NA,NA,NA,NA,"28.956",NA,NA,NA,NA,NA
"Europe","Circuito Permanente de Jerez, Spain",1994,"16 Oct 1994","Jos","Verstappen",6,"Benetton Ford","NC",12,15,0,NA,NA,NA,"1:28.249",NA,"1:24.643",13,NA,NA,NA,NA,NA,NA,NA,NA,NA,NA,NA,NA,NA
"Europe","Circuito Permanente de Jerez, Spain",1994,"16 Oct 1994","Hideki","Noda",19,"Jordan Hart","NC",24,10,0,NA,NA,NA,"1:30.525",NA,"1:27.168",22,NA,NA,NA,NA,NA,NA,NA,NA,NA,NA,NA,NA,NA
"Europe","Circuito Permanente de Jerez, Spain",1994,"16 Oct 1994","Martin","Brundle",8,"McLaren Peugeot","NC",15,8,0,NA,NA,NA,"1:28.355",NA,"1:25.110",21,NA,NA,NA,NA,NA,NA,NA,NA,NA,NA,NA,NA,NA
"Japan","Suzuka International Racing Course, Japan",1994,"06 Nov 1994","Damon","Hill",0,"Williams Renault","1",2,50,10,"1:55:53.532",NA,NA,"1:56.597",NA,"1:37.696",23,1,12,NA,NA,NA,NA,NA,"35.113",NA,NA,NA,NA,NA
"Japan","Suzuka International Racing Course, Japan",1994,"06 Nov 1994","Michael","Schumacher",5,"Benetton Ford","2",1,50,6,"1:55:56.897","3.365","3.36500000953674","1:56.679",NA,"1:37.209",17,2,5,27,NA,NA,NA,NA,"34.569","32.831",NA,NA,NA,NA
"Japan","Suzuka International Racing Course, Japan",1994,"06 Nov 1994","Jean","Alesi",27,"Ferrari","3",7,50,4,"1:56:45.577","52.045","48.6799998283386","1:58.438",NA,"1:37.907",20,1,16,NA,NA,NA,NA,NA,"35.69",NA,NA,NA,NA,NA
"Japan","Suzuka International Racing Course, Japan",1994,"06 Nov 1994","Nigel","Mansell",2,"Williams Renault","4",4,50,3,"1:56:49.605","56.074","4.02800011634827","1:57.912",NA,"1:37.768",18,1,13,NA,NA,NA,NA,NA,"35.665",NA,NA,NA,NA,NA
"Japan","Suzuka International Racing Course, Japan",1994,"06 Nov 1994","Eddie","Irvine",15,"Jordan Hart","5",6,50,2,"1:57:35.639","102.107","46.0339999198914","1:58.095",NA,"1:37.880",17,1,20,NA,NA,NA,NA,NA,"35.977",NA,NA,NA,NA,NA
"Japan","Suzuka International Racing Course, Japan",1994,"06 Nov 1994","Heinz-Harald","Frentzen",30,"Sauber Mercedes","6",3,50,1,"1:57:53.394","119.863","17.7550001144409","1:59.612",NA,"1:37.742",19,1,7,NA,NA,NA,NA,NA,"38.93",NA,NA,NA,NA,NA
"Japan","Suzuka International Racing Course, Japan",1994,"06 Nov 1994","Mika","Hakkinen",7,"McLaren Peugeot","7",8,50,0,"1:57:56.516","122.985","3.12199997901917","1:59.831",NA,"1:37.998",24,1,14,NA,NA,NA,NA,NA,"33.63",NA,NA,NA,NA,NA
"Japan","Suzuka International Racing Course, Japan",1994,"06 Nov 1994","Christian","Fittipaldi",9,"Footwork Ford","8",18,49,0,"1","1","1","2:00.456",NA,"1:39.868",21,1,17,NA,NA,NA,NA,NA,"37.541",NA,NA,NA,NA,NA
"Japan","Suzuka International Racing Course, Japan",1994,"06 Nov 1994","Erik","Comas",20,"Larrousse Ford","9",22,49,0,"1","1","1","2:01.088",NA,"1:40.978",23,1,22,NA,NA,NA,NA,NA,"36.863",NA,NA,NA,NA,NA
"Japan","Suzuka International Racing Course, Japan",1994,"06 Nov 1994","Mika","Salo",11,"Lotus Mugen Honda","10",25,49,0,"1","1","1","2:01.811",NA,"1:41.805",22,1,1,NA,NA,NA,NA,NA,"40.99",NA,NA,NA,NA,NA
"Japan","Suzuka International Racing Course, Japan",1994,"06 Nov 1994","Olivier","Panis",26,"Ligier Renault","11",19,49,0,"1","1","1","2:02.413",NA,"1:40.042",24,NA,NA,NA,NA,NA,NA,NA,NA,NA,NA,NA,NA,NA
"Japan","Suzuka International Racing Course, Japan",1994,"06 Nov 1994","David","Brabham",31,"Simtek Ford","12",24,48,0,"2","2","2","2:03.105",NA,"1:41.659",17,2,1,8,NA,NA,NA,NA,"42.822","46.126",NA,NA,NA,NA
"Japan","Suzuka International Racing Course, Japan",1994,"06 Nov 1994","Alessandro","Zanardi",12,"Lotus Mugen Honda","13",17,48,0,"2","2","2","2:04.371",NA,"1:39.721",21,NA,NA,NA,NA,NA,NA,NA,NA,NA,NA,NA,NA,NA
"Japan","Suzuka International Racing Course, Japan",1994,"06 Nov 1994","Mark","Blundell",4,"Tyrrell Yamaha","NC",13,26,0,NA,NA,NA,"2:00.437",NA,"1:39.266",19,1,8,NA,NA,NA,NA,NA,"36.414",NA,NA,NA,NA,NA
"Japan","Suzuka International Racing Course, Japan",1994,"06 Nov 1994","Rubens","Barrichello",14,"Jordan Hart","NC",10,16,0,NA,NA,NA,"2:07.632",NA,"1:38.533",15,NA,NA,NA,NA,NA,NA,NA,NA,NA,NA,NA,NA,NA
"Japan","Suzuka International Racing Course, Japan",1994,"06 Nov 1994","Martin","Brundle",8,"McLaren Peugeot","NC",9,13,0,NA,NA,NA,"2:04.733",NA,"1:38.076",22,NA,NA,NA,NA,NA,NA,NA,NA,NA,NA,NA,NA,NA
"Japan","Suzuka International Racing Course, Japan",1994,"06 Nov 1994","Gianni","Morbidelli",10,"Footwork Ford","NC",12,13,0,NA,NA,NA,"2:06.206",NA,"1:39.030",15,NA,NA,NA,NA,NA,NA,NA,NA,NA,NA,NA,NA,NA
"Japan","Suzuka International Racing Course, Japan",1994,"06 Nov 1994","Gerhard","Berger",28,"Ferrari","NC",11,10,0,NA,NA,NA,"2:11.960",NA,"1:38.570",24,NA,NA,NA,NA,NA,NA,NA,NA,NA,NA,NA,NA,NA
"Japan","Suzuka International Racing Course, Japan",1994,"06 Nov 1994","Franck","Lagorce",25,"Ligier Renault","NC",20,10,0,NA,NA,NA,"2:20.381",NA,"1:40.577",23,NA,NA,NA,NA,NA,NA,NA,NA,NA,NA,NA,NA,NA
"Japan","Suzuka International Racing Course, Japan",1994,"06 Nov 1994","Pierluigi","Martini",23,"Minardi Ford","NC",16,10,0,NA,NA,NA,"2:19.252",NA,"1:39.548",21,NA,NA,NA,NA,NA,NA,NA,NA,NA,NA,NA,NA,NA
"Japan","Suzuka International Racing Course, Japan",1994,"06 Nov 1994","Michele","Alboreto",24,"Minardi Ford","NC",21,10,0,NA,NA,NA,"2:21.689",NA,"1:40.652",24,NA,NA,NA,NA,NA,NA,NA,NA,NA,NA,NA,NA,NA
"Japan","Suzuka International Racing Course, Japan",1994,"06 Nov 1994","Johnny","Herbert",6,"Benetton Ford","NC",5,3,0,NA,NA,NA,"2:12.194",NA,"1:37.828",17,NA,NA,NA,NA,NA,NA,NA,NA,NA,NA,NA,NA,NA
"Japan","Suzuka International Racing Course, Japan",1994,"06 Nov 1994","Ukyo","Katayama",3,"Tyrrell Yamaha","NC",14,3,0,NA,NA,NA,"2:16.655",NA,"1:39.462",15,NA,NA,NA,NA,NA,NA,NA,NA,NA,NA,NA,NA,NA
"Japan","Suzuka International Racing Course, Japan",1994,"06 Nov 1994","Taki","Inoue",32,"Simtek Ford","NC",26,3,0,NA,NA,NA,"2:21.978",NA,"1:45.004",9,NA,NA,NA,NA,NA,NA,NA,NA,NA,NA,NA,NA,NA
"Japan","Suzuka International Racing Course, Japan",1994,"06 Nov 1994","Hideki","Noda",19,"Larrousse Ford","NC",23,0,0,NA,NA,NA,NA,NA,"1:40.990",21,NA,NA,NA,NA,NA,NA,NA,NA,NA,NA,NA,NA,NA
"Japan","Suzuka International Racing Course, Japan",1994,"06 Nov 1994","Jyrki","Jarvilehto",29,"Sauber Mercedes","NC",15,0,0,NA,NA,NA,NA,NA,"1:39.483",13,NA,NA,NA,NA,NA,NA,NA,NA,NA,NA,NA,NA,NA
"Australia","Adelaide Street Circuit, Australia",1994,"13 Nov 1994","Nigel","Mansell",2,"Williams Renault","1",1,81,10,"1:47:51.480",NA,NA,"1:18.167",NA,"1:16.179",23,2,26,54,NA,NA,NA,NA,"25.801","25.078",NA,NA,NA,NA
"Australia","Adelaide Street Circuit, Australia",1994,"13 Nov 1994","Gerhard","Berger",28,"Ferrari","2",11,81,6,"1:47:53.990","2.511","2.50999999046326","1:18.094",NA,"1:18.070",22,2,34,57,NA,NA,NA,NA,"23.634","23.684",NA,NA,NA,NA
"Australia","Adelaide Street Circuit, Australia",1994,"13 Nov 1994","Martin","Brundle",8,"McLaren Peugeot","3",9,81,4,"1:48:43.967","52.487","49.9769999980927","1:18.819",NA,"1:17.950",22,2,25,52,NA,NA,NA,NA,"25.408","24.119",NA,NA,NA,NA
"Australia","Adelaide Street Circuit, Australia",1994,"13 Nov 1994","Rubens","Barrichello",14,"Jordan Hart","4",5,81,3,"1:49:02.009","70.530","18.0420000553131","1:18.674",NA,"1:17.537",16,3,28,50,58,NA,NA,NA,"22.672","23.474","14.014",NA,NA,NA
"Australia","Adelaide Street Circuit, Australia",1994,"13 Nov 1994","Olivier","Panis",26,"Ligier Renault","5",12,80,2,"1","1","1","1:18.864",NA,"1:18.072",24,3,20,38,58,NA,NA,NA,"26.634","23.861","23.290",NA,NA,NA
"Australia","Adelaide Street Circuit, Australia",1994,"13 Nov 1994","Jean","Alesi",27,"Ferrari","6",8,80,1,"1","1","1","1:18.193",NA,"1:17.801",20,3,17,39,59,NA,NA,NA,"23.884","1:11.633","30.759",NA,NA,NA
"Australia","Adelaide Street Circuit, Australia",1994,"13 Nov 1994","Heinz-Harald","Frentzen",30,"Sauber Mercedes","7",10,80,0,"1","1","1","1:19.346",NA,"1:17.962",23,2,25,53,NA,NA,NA,NA,"26.121","27.524",NA,NA,NA,NA
"Australia","Adelaide Street Circuit, Australia",1994,"13 Nov 1994","Christian","Fittipaldi",9,"Footwork Ford","8",19,80,0,"1","1","1","1:19.458",NA,"1:19.061",23,3,15,35,51,NA,NA,NA,"23.997","24.612","24.366",NA,NA,NA
"Australia","Adelaide Street Circuit, Australia",1994,"13 Nov 1994","Pierluigi","Martini",23,"Minardi Ford","9",18,79,0,"2","2","2","1:20.255",NA,"1:18.957",24,2,27,55,NA,NA,NA,NA,"25.269","25.519",NA,NA,NA,NA
"Australia","Adelaide Street Circuit, Australia",1994,"13 Nov 1994","Jyrki","Jarvilehto",29,"Sauber Mercedes","10",17,79,0,"2","2","2","1:20.159",NA,"1:18.806",23,2,19,49,NA,NA,NA,NA,"27.735","28.572",NA,NA,NA,NA
"Australia","Adelaide Street Circuit, Australia",1994,"13 Nov 1994","Franck","Lagorce",25,"Ligier Renault","11",20,79,0,"2","2","2","1:20.436",NA,"1:19.153",23,2,27,54,NA,NA,NA,NA,"25.382","26.627",NA,NA,NA,NA
"Australia","Adelaide Street Circuit, Australia",1994,"13 Nov 1994","Mika","Hakkinen",7,"McLaren Peugeot","12",4,76,0,NA,NA,NA,"1:18.632",NA,"1:16.992",21,3,28,54,62,NA,NA,NA,"25.769","24.311","14.020",NA,NA,NA
"Australia","Adelaide Street Circuit, Australia",1994,"13 Nov 1994","Michele","Alboreto",24,"Minardi Ford","NC",16,69,0,NA,NA,NA,"1:20.338",NA,"1:18.755",24,2,40,65,NA,NA,NA,NA,"28.606","26.798",NA,NA,NA,NA
"Australia","Adelaide Street Circuit, Australia",1994,"13 Nov 1994","Mark","Blundell",4,"Tyrrell Yamaha","NC",13,66,0,NA,NA,NA,"1:18.909",NA,"1:18.237",24,2,14,48,NA,NA,NA,NA,"23.574","23.570",NA,NA,NA,NA
"Australia","Adelaide Street Circuit, Australia",1994,"13 Nov 1994","Jean-Denis","Deletraz",20,"Larrousse Ford","NC",25,56,0,NA,NA,NA,"1:23.929",NA,"1:22.422",17,4,29,39,53,56,NA,NA,"27.490","15.719","30.075","6:24.951",NA,NA
"Australia","Adelaide Street Circuit, Australia",1994,"13 Nov 1994","Mika","Salo",11,"Lotus Mugen Honda","NC",22,49,0,NA,NA,NA,"1:20.164",NA,"1:19.844",20,1,26,NA,NA,NA,NA,NA,"34.369",NA,NA,NA,NA,NA
"Australia","Adelaide Street Circuit, Australia",1994,"13 Nov 1994","David","Brabham",31,"Simtek Ford","NC",24,49,0,NA,NA,NA,"1:20.637",NA,"1:20.442",11,2,21,46,NA,NA,NA,NA,"31.194","30.278",NA,NA,NA,NA
"Australia","Adelaide Street Circuit, Australia",1994,"13 Nov 1994","Alessandro","Zanardi",12,"Lotus Mugen Honda","NC",14,40,0,NA,NA,NA,"1:19.784",NA,"1:18.331",24,2,17,38,NA,NA,NA,NA,"25.098","24.523",NA,NA,NA,NA
"Australia","Adelaide Street Circuit, Australia",1994,"13 Nov 1994","Michael","Schumacher",5,"Benetton Ford","NC",2,35,0,NA,NA,NA,"1:17.140",NA,"1:16.197",21,1,18,NA,NA,NA,NA,NA,"22.473",NA,NA,NA,NA,NA
"Australia","Adelaide Street Circuit, Australia",1994,"13 Nov 1994","Damon","Hill",0,"Williams Renault","NC",3,35,0,NA,NA,NA,"1:17.294",NA,"1:16.830",24,1,18,NA,NA,NA,NA,NA,"22.855",NA,NA,NA,NA,NA
"Australia","Adelaide Street Circuit, Australia",1994,"13 Nov 1994","Domenico","Schiattarella",32,"Simtek Ford","NC",26,21,0,NA,NA,NA,"1:22.674",NA,"1:22.529",7,1,9,NA,NA,NA,NA,NA,"9:47.176",NA,NA,NA,NA,NA
"Australia","Adelaide Street Circuit, Australia",1994,"13 Nov 1994","Ukyo","Katayama",3,"Tyrrell Yamaha","NC",15,19,0,NA,NA,NA,"1:19.592",NA,"1:18.411",20,NA,NA,NA,NA,NA,NA,NA,NA,NA,NA,NA,NA,NA
"Australia","Adelaide Street Circuit, Australia",1994,"13 Nov 1994","Hideki","Noda",19,"Larrousse Ford","NC",23,18,0,NA,NA,NA,"1:21.961",NA,"1:20.145",15,NA,NA,NA,NA,NA,NA,NA,NA,NA,NA,NA,NA,NA
"Australia","Adelaide Street Circuit, Australia",1994,"13 Nov 1994","Gianni","Morbidelli",10,"Footwork Ford","NC",21,17,0,NA,NA,NA,"1:20.771",NA,"1:19.610",24,NA,NA,NA,NA,NA,NA,NA,NA,NA,NA,NA,NA,NA
"Australia","Adelaide Street Circuit, Australia",1994,"13 Nov 1994","Eddie","Irvine",15,"Jordan Hart","NC",6,15,0,NA,NA,NA,"1:18.932",NA,"1:17.667",11,NA,NA,NA,NA,NA,NA,NA,NA,NA,NA,NA,NA,NA
"Australia","Adelaide Street Circuit, Australia",1994,"13 Nov 1994","Johnny","Herbert",6,"Benetton Ford","NC",7,13,0,NA,NA,NA,"1:19.658",NA,"1:17.727",21,NA,NA,NA,NA,NA,NA,NA,NA,NA,NA,NA,NA,NA
